-- phpMyAdmin SQL Dump
-- version 4.9.0.1
-- https://www.phpmyadmin.net/
--
-- Host: 127.0.0.1
-- Generation Time: Jan 13, 2021 at 02:19 PM
-- Server version: 10.4.6-MariaDB
-- PHP Version: 7.3.9

SET SQL_MODE = "NO_AUTO_VALUE_ON_ZERO";
SET AUTOCOMMIT = 0;
START TRANSACTION;
SET time_zone = "+00:00";


/*!40101 SET @OLD_CHARACTER_SET_CLIENT=@@CHARACTER_SET_CLIENT */;
/*!40101 SET @OLD_CHARACTER_SET_RESULTS=@@CHARACTER_SET_RESULTS */;
/*!40101 SET @OLD_COLLATION_CONNECTION=@@COLLATION_CONNECTION */;
/*!40101 SET NAMES utf8mb4 */;

--
-- Database: `barber`
--

-- --------------------------------------------------------

--
-- Table structure for table `akun`
--

CREATE TABLE `akun` (
  `ID` varchar(50) NOT NULL,
  `KATEGORI` varchar(100) NOT NULL,
  `NAMA` varchar(100) NOT NULL
) ENGINE=InnoDB DEFAULT CHARSET=latin1;

-- --------------------------------------------------------

--
-- Table structure for table `angsur`
--

CREATE TABLE `angsur` (
  `KODE` varchar(15) NOT NULL,
  `TANGGAL` date NOT NULL,
  `NAMA` varchar(25) NOT NULL,
  `NOMINAL` int(11) NOT NULL,
  `TENOR` int(11) NOT NULL
) ENGINE=InnoDB DEFAULT CHARSET=latin1;

--
-- Dumping data for table `angsur`
--

INSERT INTO `angsur` (`KODE`, `TANGGAL`, `NAMA`, `NOMINAL`, `TENOR`) VALUES
('ANG001', '2020-10-19', 'Edi Rhamadani', 5000000, 5),
('ANG002', '2020-10-19', 'M Rizki Abdillah', 7500000, 6),
('ANG003', '2020-10-19', 'Muhammad Agus Syabany', 11500000, 12),
('ANG004', '2020-11-01', 'MR Joe', 5000000, 5),
('ANG005', '2021-01-11', 'MR Joe', 500000, 5);

-- --------------------------------------------------------

--
-- Table structure for table `barang`
--

CREATE TABLE `barang` (
  `KODE` varchar(50) NOT NULL,
  `NAMA` varchar(100) NOT NULL,
  `MERK` varchar(100) NOT NULL,
  `JUMLAH` int(50) NOT NULL,
  `SATUAN` varchar(20) NOT NULL,
  `HBELI` int(50) NOT NULL,
  `HPP` int(50) NOT NULL,
  `TOTAL` int(50) NOT NULL,
  `HJUAL` int(50) NOT NULL,
  `KATEGORI` varchar(100) NOT NULL
) ENGINE=InnoDB DEFAULT CHARSET=latin1;

--
-- Dumping data for table `barang`
--

INSERT INTO `barang` (`KODE`, `NAMA`, `MERK`, `JUMLAH`, `SATUAN`, `HBELI`, `HPP`, `TOTAL`, `HJUAL`, `KATEGORI`) VALUES
('D001', 'POMADE', 'BARBERS', 3, 'PCS', 93000, 93000, 279000, 150000, 'Minyak Rambut'),
('D002', 'POMADE', 'CAPTAIN', 5, 'PCS', 77000, 77000, 385000, 135000, 'Minyak Rambut'),
('D003', 'POMADE', 'CHIEF DRY POWDER', 4, 'PCS', 64000, 64000, 256000, 125000, 'Minyak Rambut'),
('D004', 'POMADE', 'CHIEF HAND GEL', 3, 'PCS', 28000, 28000, 84000, 60000, 'Minyak Rambut'),
('D005', 'POMADE', 'CHIEF JUNIOR', 5, 'PCS', 114000, 114000, 570000, 170000, 'Minyak Rambut'),
('D006', 'POMADE', 'CHIEF BLACK', 0, 'PCS', 114000, 114000, 0, 175000, 'Minyak Rambut'),
('D007', 'POMADE', 'CHIEF BLUE', -1, 'PCS', 114000, 114000, -114000, 170000, 'Minyak Rambut'),
('D008', 'POMADE', 'CHIEF RED', 2, 'PCS', 71000, 71000, 142000, 150000, 'Minyak Rambut'),
('D009', 'POMADE', 'MURRAYS SMALL BATCH', 4, 'PCS', 66000, 66000, 264000, 120000, 'Minyak Rambut'),
('D010', 'POMADE', 'MURRAYS EDGE WAX KUNING', 4, 'PCS', 71000, 71000, 284000, 130000, 'Minyak Rambut'),
('D011', 'POMADE', 'PARLENTE RED BARRY', 2, 'PCS', 112000, 112000, 224000, 170000, 'Minyak Rambut'),
('D012', 'POMADE', 'HAIRSTYLING POWDER', 0, 'PCS', 110000, 110000, 0, 160000, 'Minyak Rambut'),
('D013', 'SHAMPOO', 'OH MAN', 5, 'BOTTLE', 60000, 60000, 300000, 110000, 'Shampo'),
('D014', 'POMADE', 'PADISON', 8, 'PCS', 93000, 93000, 744000, 160000, 'Minyak Rambut'),
('D015', 'POMADE', 'SMITH CLAYTON PREMIUM CLAY', 5, 'PCS', 150000, 150000, 750000, 220000, 'Minyak Rambut'),
('D016', 'POMADE', 'SMITH FINE SHINE', 1, 'PCS', 90000, 90000, 90000, 150000, 'Minyak Rambut'),
('D017', 'POMADE', 'SMITH PREMIUM MEDIUM', 2, 'PCS', 90000, 90000, 180000, 150000, 'Minyak Rambut'),
('D018', 'POMADE', 'SMITH DEEPER SPATER', 5, 'PCS', 95000, 95000, 475000, 155000, 'Minyak Rambut'),
('D019', 'SHAMPOO', 'VIENNA KUDA HAIR FALLCONT', 2, 'BOTTLE', 34000, 34000, 68000, 80000, 'Shampo'),
('D020', 'SHAMPOO', 'VIENA KUDA HAIR HERBAL GROWTH', 1, 'BOTTLE', 37000, 37000, 37000, 85000, 'Minyak Rambut'),
('D021', 'SHAMPOO', 'VIENNA KUDA NOURISH REPAIR', 2, 'BOTTLE', 34000, 34000, 68000, 80000, 'Shampo'),
('D022', 'SHAMPOO', 'VIENNA KUDA SILKY SHINY', 2, 'BOTTLE', 34000, 34000, 68000, 80000, 'Shampo'),
('D023', 'HAIR SERUM', 'XL PROFESSIONNEL', 17, 'BOTTLE', 60000, 60000, 1020000, 110000, 'Hair Treatment'),
('D024', 'HAIR SERUM', 'VENOM HAIR T MERAH', 6, 'BOTTLE', 39000, 39000, 234000, 70000, 'Hair Treatment'),
('D025', 'HAIR SERUM', 'VENOM T UNGU', 5, 'BOTTLE', 41000, 41000, 205000, 75000, 'Hair Treatment'),
('D026', 'POMADE', 'SIR', 4, 'PCS', 137000, 137000, 548000, 210000, 'Minyak Rambut'),
('D027', 'POMADE', 'MAJOR KAYU LONG HOLD', 1, 'PCS', 160000, 160000, 160000, 220000, 'Minyak Rambut'),
('D028', 'POMADE', 'MAJOR CLAY MATE LOOK', 0, 'PCS', 182000, 182000, 0, 250000, 'Minyak Rambut'),
('D029', 'POMADE', 'MURRAYS GEL LA EM STRAIT', 2, 'PCS', 83000, 83000, 166000, 140000, 'Minyak Rambut'),
('D030', 'POMADE', 'SMITH BLACKJACK DEEPER', 0, 'PCS', 95000, 95000, 0, 150000, 'Minyak Rambut'),
('D031', 'HAIR SERUM', 'DUVAL HAIR REVITALIZING', 6, 'BOTTLE', 46000, 46000, 276000, 90000, 'Hair Treatment'),
('D032', 'POMADE', 'CHIEF HYBRID WHITE', 1, 'PCS', 114000, 114000, 114000, 175000, 'Minyak Rambut'),
('D033', 'POMADE', 'CHIEF SPACE CLAY', 1, 'PCS', 114000, 114000, 114000, 175000, 'Minyak Rambut'),
('D034', 'POMADE', 'SMITH BOLD HOLD', 1, 'PCS', 90000, 90000, 90000, 150000, 'Minyak Rambut');

-- --------------------------------------------------------

--
-- Table structure for table `detailangsur`
--

CREATE TABLE `detailangsur` (
  `KODE` varchar(15) NOT NULL,
  `ANGSURAN` int(11) NOT NULL,
  `TANGGAL` date NOT NULL
) ENGINE=InnoDB DEFAULT CHARSET=latin1;

--
-- Dumping data for table `detailangsur`
--

INSERT INTO `detailangsur` (`KODE`, `ANGSURAN`, `TANGGAL`) VALUES
('ANG001', 1000000, '2020-10-19'),
('ANG001', 1000000, '2020-10-19'),
('ANG001', 1000000, '2020-10-19'),
('ANG001', 1000000, '2020-10-19'),
('ANG001', 1000000, '2020-10-19'),
('ANG002', 1250000, '2020-10-19'),
('ANG002', 1250000, '2020-10-19'),
('ANG002', 1250000, '2020-10-19'),
('ANG002', 1250000, '2020-10-19'),
('ANG002', 1250000, '2020-10-19'),
('ANG002', 1250000, '2020-10-19'),
('ANG003', 958333, '2020-10-19'),
('ANG003', 958333, '2020-10-19'),
('ANG003', 958333, '2020-10-19'),
('ANG003', 958333, '2020-10-19'),
('ANG003', 958333, '2020-10-19'),
('ANG003', 958333, '2020-10-19'),
('ANG003', 958333, '2020-10-19'),
('ANG003', 958333, '2020-10-19'),
('ANG003', 958333, '2020-10-19'),
('ANG003', 958333, '2020-10-19'),
('ANG003', 958333, '2020-10-19'),
('ANG003', 958333, '2020-10-19'),
('ANG004', 300000, '2020-11-01'),
('ANG004', 1000000, '2020-11-01'),
('ANG004', 1000000, '2020-11-01'),
('ANG004', 1000000, '2020-11-01'),
('ANG004', 1000000, '2020-11-01'),
('ANG004', 1000000, '2020-11-01'),
('ANG005', 100000, '2021-01-11'),
('ANG005', 100000, '2021-01-11'),
('ANG005', 100000, '2021-01-11'),
('ANG005', 100000, '2021-01-11'),
('ANG005', 100000, '2021-01-11');

-- --------------------------------------------------------

--
-- Table structure for table `detailbeli`
--

CREATE TABLE `detailbeli` (
  `FAKTUR` varchar(100) NOT NULL,
  `KODE` varchar(50) NOT NULL,
  `HARGA` int(11) NOT NULL,
  `JUMLAH` int(11) NOT NULL,
  `TOTAL` int(11) NOT NULL
) ENGINE=InnoDB DEFAULT CHARSET=latin1;

--
-- Dumping data for table `detailbeli`
--

INSERT INTO `detailbeli` (`FAKTUR`, `KODE`, `HARGA`, `JUMLAH`, `TOTAL`) VALUES
('SSM/S231020200003/X/20', 'D005', 114000, 2, 228000),
('SSM/S231020200003/X/20', 'D008', 71000, 2, 142000),
('SSM/S231020200003/X/20', 'D007', 114000, 2, 228000),
('SSM/S231020200003/X/20', 'D012', 110000, 2, 220000),
('SSM/S231020200003/X/20', 'D028', 182000, 2, 364000),
('SSM/S231020200003/X/20', 'D027', 160000, 2, 320000),
('SSM/S231020200003/X/20', 'D015', 150000, 2, 300000),
('SSM/S231020200003/X/20', 'D017', 90000, 2, 180000),
('SSM/S231020200003/X/20', 'D018', 95000, 2, 190000),
('SSM/S231020200003/X/20', 'D026', 137000, 4, 548000),
('SSM/S301020200012/X/20', 'D001', 93000, 3, 279000),
('SSM/S301020200012/X/20', 'D002', 77000, 8, 616000),
('SSM/S301020200012/X/20', 'D003', 64000, 4, 256000),
('SSM/S301020200012/X/20', 'D004', 28000, 4, 112000),
('SSM/S301020200012/X/20', 'D005', 114000, 4, 456000),
('SSM/S301020200012/X/20', 'D006', 114000, 2, 228000),
('SSM/S301020200012/X/20', 'D007', 114000, 4, 456000),
('SSM/S301020200012/X/20', 'D009', 66000, 4, 264000),
('SSM/S301020200012/X/20', 'D010', 71000, 4, 284000),
('SSM/S301020200012/X/20', 'D029', 83000, 4, 332000),
('SSM/S301020200012/X/20', 'D011', 112000, 2, 224000),
('SSM/S301020200014/X/20', 'D012', 110000, 4, 440000),
('SSM/S301020200014/X/20', 'D013', 60000, 5, 300000),
('SSM/S301020200014/X/20', 'D014', 93000, 8, 744000),
('SSM/S301020200014/X/20', 'D015', 150000, 4, 600000),
('SSM/S301020200014/X/20', 'D016', 90000, 1, 90000),
('SSM/S301020200014/X/20', 'D017', 90000, 2, 180000),
('SSM/S301020200014/X/20', 'D018', 95000, 4, 380000),
('BIF/E301020200029/X/20', 'D019', 34000, 2, 68000),
('BIF/E301020200029/X/20', 'D020', 37000, 2, 74000),
('BIF/E301020200029/X/20', 'D021', 34000, 2, 68000),
('BIF/E301020200029/X/20', 'D022', 34000, 2, 68000),
('BIF/E301020200029/X/20', 'D023', 60000, 18, 1080000),
('BSRK/E301020200036/X/20', 'D024', 39000, 6, 234000),
('BSRK/E301020200036/X/20', 'D025', 41000, 6, 246000),
('2', 'D030', 95000, 2, 190000),
('BSR/S311020200013/X/20', 'D031', 46000, 6, 276000),
('SSM/S401120200012/XI/20', 'D032', 114000, 1, 114000),
('SSM/S401120200012/XI/20', 'D033', 114000, 1, 114000),
('SSM/S401120200012/XI/20', 'D034', 90000, 1, 90000),
('SSM/S401120200012/XI/20', 'D006', 114000, 1, 114000),
('SSM/S401120200012/XI/20', 'D015', 150000, 3, 450000),
('SSM/S401120200012/XI/20', 'D017', 90000, 1, 90000);

-- --------------------------------------------------------

--
-- Table structure for table `detailjual`
--

CREATE TABLE `detailjual` (
  `IDJUAL` varchar(100) NOT NULL,
  `KODE` varchar(50) NOT NULL,
  `HARGA` int(11) NOT NULL,
  `JUMLAH` int(11) NOT NULL,
  `TOTAL` int(11) NOT NULL,
  `PEGAWAI` varchar(20) NOT NULL
) ENGINE=InnoDB DEFAULT CHARSET=latin1;

--
-- Dumping data for table `detailjual`
--

INSERT INTO `detailjual` (`IDJUAL`, `KODE`, `HARGA`, `JUMLAH`, `TOTAL`, `PEGAWAI`) VALUES
('JB /11/2020/00223', 'D015', 220000, 1, 220000, 'Mr Anaz'),
('JB /11/2020/00223', 'D030', 150000, 1, 150000, 'Mr Anaz'),
('JB /11/2020/00223', 'D017', 150000, 1, 150000, 'Mr Anaz'),
('JB /11/2020/00224', 'D028', 250000, 1, 250000, 'MR Joe'),
('JB /11/2020/00224', 'D007', 170000, 1, 170000, 'MR Joe'),
('JB /11/2020/00229', 'D030', 0, 1, 0, 'Khusnul'),
('JB /11/2020/00232', 'D018', 155000, 1, 155000, 'Mr Anaz'),
('JB /11/2020/00239', 'D006', 175000, 1, 175000, 'MR Joe'),
('JB /11/2020/00246', 'D006', 175000, 1, 175000, 'MR Joe'),
('JB /11/2020/00246', 'D020', 85000, 1, 85000, 'MR Joe'),
('JB /11/2020/00253', 'D025', 75000, 1, 75000, 'Mr Anaz'),
('JB /11/2020/00253', 'D007', 170000, 1, 170000, 'Mr Rizky'),
('JB /11/2020/00254', 'D015', 220000, 1, 220000, 'Mr Anaz'),
('JB /11/2020/00260', 'D023', 110000, 1, 110000, 'MR Joe'),
('JB /11/2020/00262', 'D017', 0, 1, 0, 'Khusnul'),
('JB /11/2020/00272', 'D015', 220000, 1, 220000, 'Mr Anaz'),
('JB /11/2020/00283', 'D004', 60000, 1, 60000, 'Khusnul'),
('JB /11/2020/00285', 'D015', 220000, 1, 220000, 'Mr Anaz'),
('JB /11/2020/00314', 'D007', 170000, 1, 170000, 'Mr Anaz'),
('JB /11/2020/00330', 'D012', 160000, 1, 160000, 'Khusnul'),
('JB /11/2020/00339', 'D012', 160000, 1, 160000, 'Mr Anaz'),
('JB /11/2020/00346', 'D027', 220000, 1, 220000, 'Mr Anaz'),
('JB /11/2020/00403', 'D012', 160000, 1, 160000, 'MR Joe'),
('JB /11/2020/00407', 'D007', 170000, 1, 170000, 'MR Joe'),
('JB /11/2020/00478', 'D006', 175000, 1, 175000, 'Mr Rizky'),
('JB /11/2020/00484', 'D007', 170000, 1, 170000, 'MR Joe'),
('JB /11/2020/00487', 'D028', 250000, 1, 250000, 'MR Joe'),
('JB /11/2020/00497', 'D005', 170000, 1, 170000, 'Mr Rizky'),
('JB /11/2020/00500', 'D029', 140000, 1, 140000, 'MR Joe'),
('JB /11/2020/00551', 'D017', 150000, 1, 150000, 'Mr Anaz'),
('JB /11/2020/00561', 'D029', 140000, 1, 140000, 'MR Joe'),
('JB /11/2020/00565', 'D012', 160000, 1, 160000, 'Mr Rizky'),
('JB /11/2020/00571', 'D012', 160000, 1, 160000, 'Mr Rizky'),
('JB /11/2020/00594', 'D007', 170000, 1, 170000, 'Mr Anaz'),
('JB /11/2020/00595', 'D012', 0, 1, 0, 'Khusnul'),
('JB /11/2020/00609', 'D002', 135000, 1, 135000, 'MR Joe'),
('JB /11/2020/00611', 'D002', 135000, 1, 135000, 'MR Joe'),
('JB /12/2020/00649', 'D002', 135000, 1, 135000, 'Mr Anaz');

-- --------------------------------------------------------

--
-- Table structure for table `detailkopi`
--

CREATE TABLE `detailkopi` (
  `IDJUAL` varchar(100) NOT NULL,
  `KODE` varchar(50) NOT NULL,
  `HARGA` int(11) NOT NULL,
  `JUMLAH` int(11) NOT NULL,
  `TOTAL` int(11) NOT NULL
) ENGINE=InnoDB DEFAULT CHARSET=latin1;

--
-- Dumping data for table `detailkopi`
--

INSERT INTO `detailkopi` (`IDJUAL`, `KODE`, `HARGA`, `JUMLAH`, `TOTAL`) VALUES
('JB /11/2020/00297', 'K001', 12000, 3, 36000),
('JB /11/2020/00297', 'K003', 15000, 3, 45000),
('JB /11/2020/00298', 'K003', 15000, 1, 15000),
('JB /11/2020/00299', 'K003', 15000, 2, 30000),
('JB /11/2020/00300', 'K009', 16000, 1, 16000),
('JB /11/2020/00300', 'K011', 17000, 1, 17000),
('JB /11/2020/00301', 'K001', 12000, 1, 12000),
('JB /11/2020/00302', 'K018', 20000, 1, 20000),
('JB /11/2020/00303', 'K011', 17000, 1, 17000),
('JB /11/2020/00308', 'K004', 16000, 1, 16000),
('JB /11/2020/00310', 'K004', 16000, 1, 16000),
('JB /11/2020/00310', 'K009', 16000, 1, 16000),
('JB /11/2020/00310', 'K015', 16000, 1, 16000),
('JB /11/2020/00310', 'K017', 20000, 1, 20000),
('JB /11/2020/00310', 'K018', 20000, 1, 20000),
('JB /11/2020/00313', 'K019', 5000, 1, 5000),
('JB /11/2020/00314', 'K011', 17000, 2, 34000),
('JB /11/2020/00315', 'K013', 17000, 1, 17000),
('JB /11/2020/00316', 'K015', 16000, 1, 16000),
('JB /11/2020/00317', 'K003', 15000, 1, 15000),
('JB /11/2020/00317', 'K006', 17000, 1, 17000),
('JB /11/2020/00317', 'K011', 17000, 1, 17000),
('JB /11/2020/00317', 'K013', 17000, 1, 17000),
('JB /11/2020/00318', 'K016', 16000, 1, 16000),
('JB /11/2020/00319', 'K009', 16000, 1, 16000),
('JB /11/2020/00322', 'K011', 17000, 1, 17000),
('JB /11/2020/00325', 'K001', 12000, 1, 12000),
('JB /11/2020/00326', 'K019', 5000, 1, 5000),
('JB /11/2020/00327', 'K016', 16000, 1, 16000),
('JB /11/2020/00332', 'K012', 17000, 1, 17000),
('JB /11/2020/00334', 'K014', 15000, 1, 15000),
('JB /11/2020/00334', 'K021', 10000, 1, 10000),
('JB /11/2020/00335', 'K003', 15000, 1, 15000),
('JB /11/2020/00336', 'K001', 12000, 1, 12000),
('JB /11/2020/00336', 'K003', 15000, 2, 30000),
('JB /11/2020/00336', 'K017', 20000, 1, 20000),
('JB /11/2020/00340', 'K014', 15000, 1, 15000),
('JB /11/2020/00340', 'K016', 16000, 1, 16000),
('JB /11/2020/00342', 'K014', 15000, 1, 15000),
('JB /11/2020/00343', 'K005', 15000, 1, 15000),
('JB /11/2020/00345', 'K009', 16000, 1, 16000),
('JB /11/2020/00345', 'K014', 15000, 1, 15000),
('JB /11/2020/00346', 'K014', 15000, 1, 15000),
('JB /11/2020/00350', 'K001', 12000, 1, 12000),
('JB /11/2020/00353', 'K003', 15000, 1, 15000),
('JB /11/2020/00356', 'K003', 15000, 1, 15000),
('JB /11/2020/00356', 'K019', 5000, 1, 5000),
('JB /11/2020/00357', 'K021', 10000, 1, 10000),
('JB /11/2020/00358', 'K019', 5000, 1, 5000),
('JB /11/2020/00360', 'K011', 17000, 1, 17000),
('JB /11/2020/00361', 'K016', 16000, 1, 16000),
('JB /11/2020/00363', 'K021', 10000, 1, 10000),
('JB /11/2020/00364', 'K009', 16000, 1, 16000),
('JB /11/2020/00365', 'K021', 10000, 2, 20000),
('JB /11/2020/00365', 'K011', 17000, 1, 17000),
('JB /11/2020/00366', 'K003', 15000, 1, 15000),
('JB /11/2020/00369', 'K010', 16000, 1, 16000),
('JB /11/2020/00377', 'K004', 16000, 1, 16000),
('JB /11/2020/00379', 'K013', 17000, 1, 17000),
('JB /11/2020/00380', 'K011', 17000, 1, 17000),
('JB /11/2020/00383', 'K015', 16000, 1, 16000),
('JB /11/2020/00391', 'K010', 16000, 1, 16000),
('JB /11/2020/00393', 'K020', 17000, 1, 17000),
('JB /11/2020/00394', 'K011', 17000, 1, 17000),
('JB /11/2020/00394', 'K001', 12000, 1, 12000),
('JB /11/2020/00394', 'K002', 13000, 1, 13000),
('JB /11/2020/00395', 'K017', 20000, 1, 20000),
('JB /11/2020/00396', 'K019', 5000, 1, 5000),
('JB /11/2020/00396', 'K017', 20000, 1, 20000),
('JB /11/2020/00405', 'K016', 16000, 1, 16000),
('JB /11/2020/00411', 'K011', 17000, 1, 17000),
('JB /11/2020/00412', 'K012', 17000, 1, 17000),
('JB /11/2020/00414', 'K004', 16000, 1, 16000),
('JB /11/2020/00415', 'K018', 20000, 1, 20000),
('JB /11/2020/00416', 'K019', 5000, 1, 5000),
('JB /11/2020/00418', 'K001', 12000, 1, 12000),
('JB /11/2020/00418', 'K011', 17000, 1, 17000),
('JB /11/2020/00422', 'K003', 15000, 1, 15000),
('JB /11/2020/00423', 'K012', 17000, 1, 17000),
('JB /11/2020/00423', 'K011', 17000, 2, 34000),
('JB /11/2020/00424', 'K011', 17000, 2, 34000),
('JB /11/2020/00428', 'K003', 15000, 1, 15000),
('JB /11/2020/00428', 'K011', 17000, 1, 17000),
('JB /11/2020/00429', 'K015', 16000, 1, 16000),
('JB /11/2020/00432', 'K013', 17000, 1, 17000),
('JB /11/2020/00434', 'K005', 15000, 1, 15000),
('JB /11/2020/00435', 'K012', 17000, 1, 17000),
('JB /11/2020/00436', 'K003', 15000, 1, 15000),
('JB /11/2020/00439', 'K021', 10000, 1, 10000),
('JB /11/2020/00440', 'K016', 16000, 1, 16000),
('JB /11/2020/00448', 'K003', 15000, 1, 15000),
('JB /11/2020/00450', 'K011', 17000, 1, 17000),
('JB /11/2020/00452', 'K011', 17000, 1, 17000),
('JB /11/2020/00454', 'K015', 16000, 1, 16000),
('JB /11/2020/00456', 'K011', 17000, 2, 34000),
('JB /11/2020/00457', 'K004', 16000, 1, 16000),
('JB /11/2020/00459', 'K004', 16000, 1, 16000),
('JB /11/2020/00461', 'K011', 17000, 1, 17000),
('JB /11/2020/00463', 'K001', 12000, 1, 12000),
('JB /11/2020/00463', 'K011', 17000, 1, 17000),
('JB /11/2020/00464', 'K021', 10000, 1, 10000),
('JB /11/2020/00464', 'K003', 15000, 1, 15000),
('JB /11/2020/00465', 'K011', 17000, 2, 34000),
('JB /11/2020/00468', 'K005', 15000, 1, 15000),
('JB /11/2020/00471', 'K010', 16000, 1, 16000),
('JB /11/2020/00473', 'K018', 20000, 2, 40000),
('JB /11/2020/00473', 'K004', 16000, 1, 16000),
('JB /11/2020/00474', 'K015', 16000, 1, 16000),
('JB /11/2020/00475', 'K012', 17000, 1, 17000),
('JB /11/2020/00477', 'K011', 17000, 2, 34000),
('JB /11/2020/00481', 'K003', 15000, 1, 15000),
('JB /11/2020/00483', 'K016', 16000, 1, 16000),
('JB /11/2020/00484', 'K001', 12000, 1, 12000),
('JB /11/2020/00484', 'K003', 15000, 1, 15000),
('JB /11/2020/00485', 'K016', 16000, 1, 16000),
('JB /11/2020/00486', 'K019', 5000, 1, 5000),
('JB /11/2020/00488', 'K021', 10000, 1, 10000),
('JB /11/2020/00489', 'K021', 10000, 1, 10000),
('JB /11/2020/00489', 'K012', 17000, 1, 17000),
('JB /11/2020/00495', 'K004', 16000, 1, 16000),
('JB /11/2020/00496', 'K006', 17000, 1, 17000),
('JB /11/2020/00496', 'K003', 15000, 1, 15000),
('JB /11/2020/00499', 'K014', 15000, 1, 15000),
('JB /11/2020/00501', 'K016', 16000, 1, 16000),
('JB /11/2020/00501', 'K009', 16000, 1, 16000),
('JB /11/2020/00502', 'K003', 15000, 1, 15000),
('JB /11/2020/00502', 'K004', 16000, 1, 16000),
('JB /11/2020/00505', 'K015', 16000, 5, 80000),
('JB /11/2020/00505', 'K011', 17000, 2, 34000),
('JB /11/2020/00505', 'K014', 15000, 1, 15000),
('JB /11/2020/00505', 'K003', 15000, 1, 15000),
('JB /11/2020/00505', 'K018', 20000, 2, 40000),
('JB /11/2020/00505', 'K020', 17000, 1, 17000),
('JB /11/2020/00506', 'K006', 17000, 1, 17000),
('JB /11/2020/00506', 'K013', 17000, 1, 17000),
('JB /11/2020/00506', 'K011', 17000, 2, 34000),
('JB /11/2020/00507', 'K016', 16000, 1, 16000),
('JB /11/2020/00509', 'K015', 16000, 1, 16000),
('JB /11/2020/00510', 'K011', 17000, 1, 17000),
('JB /11/2020/00510', 'K015', 16000, 1, 16000),
('JB /11/2020/00513', 'K012', 17000, 1, 17000),
('JB /11/2020/00517', 'K011', 17000, 2, 34000),
('JB /11/2020/00518', 'K001', 12000, 2, 24000),
('JB /11/2020/00518', 'K019', 5000, 4, 20000),
('JB /11/2020/00518', 'K006', 17000, 1, 17000),
('JB /11/2020/00520', 'K012', 17000, 1, 17000),
('JB /11/2020/00520', 'K018', 20000, 1, 20000),
('JB /11/2020/00520', 'K015', 16000, 1, 16000),
('JB /11/2020/00521', 'K009', 16000, 2, 32000),
('JB /11/2020/00521', 'K005', 15000, 2, 30000),
('JB /11/2020/00521', 'K011', 17000, 2, 34000),
('JB /11/2020/00521', 'K003', 15000, 1, 15000),
('JB /11/2020/00522', 'K012', 17000, 1, 17000),
('JB /11/2020/00523', 'K017', 20000, 1, 20000),
('JB /11/2020/00523', 'K021', 10000, 1, 10000),
('JB /11/2020/00524', 'K011', 17000, 1, 17000),
('JB /11/2020/00538', 'K004', 16000, 1, 16000),
('JB /11/2020/00539', 'K016', 16000, 2, 32000),
('JB /11/2020/00540', 'K019', 5000, 1, 5000),
('JB /11/2020/00540', 'K019', 5000, 1, 5000),
('JB /11/2020/00542', 'K012', 17000, 1, 17000),
('JB /11/2020/00542', 'K009', 16000, 1, 16000),
('JB /11/2020/00544', 'K013', 17000, 1, 17000),
('JB /11/2020/00549', 'K011', 17000, 2, 34000),
('JB /11/2020/00551', 'K011', 17000, 2, 34000),
('JB /11/2020/00551', 'K010', 16000, 1, 16000),
('JB /11/2020/00552', 'K013', 17000, 1, 17000),
('JB /11/2020/00552', 'K010', 16000, 2, 32000),
('JB /11/2020/00554', 'K011', 17000, 1, 17000),
('JB /11/2020/00555', 'K003', 15000, 3, 45000),
('JB /11/2020/00555', 'K004', 16000, 1, 16000),
('JB /11/2020/00555', 'K001', 12000, 1, 12000),
('JB /11/2020/00558', 'K019', 5000, 1, 5000),
('JB /11/2020/00562', 'K019', 5000, 1, 5000),
('JB /11/2020/00565', 'K008', 16000, 1, 16000),
('JB /11/2020/00570', 'K014', 15000, 1, 15000),
('JB /11/2020/00572', 'K016', 16000, 1, 16000),
('JB /11/2020/00572', 'K018', 20000, 1, 20000),
('JB /11/2020/00572', 'K012', 17000, 1, 17000),
('JB /11/2020/00573', 'K011', 17000, 2, 34000),
('JB /11/2020/00577', 'K019', 5000, 1, 5000),
('JB /11/2020/00579', 'K015', 16000, 1, 16000),
('JB /11/2020/00579', 'K010', 16000, 1, 16000),
('JB /11/2020/00580', 'K019', 5000, 1, 5000),
('JB /11/2020/00581', 'K003', 15000, 1, 15000),
('JB /11/2020/00585', 'K012', 17000, 1, 17000),
('JB /11/2020/00585', 'K017', 20000, 1, 20000),
('JB /11/2020/00586', 'K013', 17000, 2, 34000),
('JB /11/2020/00586', 'K019', 5000, 1, 5000),
('JB /11/2020/00587', 'K011', 17000, 2, 34000),
('JB /11/2020/00588', 'K006', 17000, 1, 17000),
('JB /11/2020/00588', 'K008', 16000, 1, 16000),
('JB /11/2020/00589', 'K008', 16000, 1, 16000),
('JB /11/2020/00590', 'K018', 20000, 1, 20000),
('JB /11/2020/00591', 'K001', 12000, 1, 12000),
('JB /11/2020/00592', 'K001', 12000, 1, 12000),
('JB /11/2020/00592', 'K003', 15000, 1, 15000),
('JB /11/2020/00592', 'K015', 16000, 1, 16000),
('JB /11/2020/00592', 'K016', 16000, 1, 16000),
('JB /11/2020/00593', 'K019', 5000, 1, 5000),
('JB /11/2020/00593', 'K021', 10000, 1, 10000),
('JB /11/2020/00600', 'K013', 17000, 1, 17000),
('JB /11/2020/00600', 'K012', 17000, 1, 17000),
('JB /11/2020/00600', 'K008', 16000, 1, 16000),
('JB /11/2020/00601', 'K014', 15000, 1, 15000),
('JB /11/2020/00601', 'K016', 16000, 1, 16000),
('JB /11/2020/00602', 'K016', 16000, 1, 16000),
('JB /11/2020/00604', 'K011', 17000, 1, 17000),
('JB /11/2020/00605', 'K017', 20000, 1, 20000),
('JB /11/2020/00605', 'K014', 15000, 1, 15000),
('JB /11/2020/00605', 'K008', 16000, 1, 16000),
('JB /11/2020/00605', 'K001', 12000, 1, 12000),
('JB /11/2020/00605', 'K021', 10000, 1, 10000),
('JB /11/2020/00607', 'K012', 17000, 1, 17000),
('JB /11/2020/00607', 'K008', 16000, 1, 16000),
('JB /11/2020/00607', 'K010', 16000, 1, 16000),
('JB /11/2020/00610', 'K001', 12000, 1, 12000),
('JB /11/2020/00610', 'K008', 16000, 1, 16000),
('JB /11/2020/00610', 'K015', 16000, 1, 16000),
('JB /11/2020/00612', 'K019', 5000, 1, 5000),
('JB /11/2020/00616', 'K001', 12000, 1, 12000),
('JB /11/2020/00616', 'K019', 5000, 1, 5000),
('JB /11/2020/00618', 'K021', 10000, 1, 10000),
('JB /12/2020/00632', 'K015', 16000, 1, 16000),
('JB /12/2020/00633', 'K021', 10000, 1, 10000),
('JB /12/2020/00634', 'K015', 16000, 2, 32000),
('JB /12/2020/00634', 'K013', 17000, 1, 17000),
('JB /12/2020/00634', 'K021', 10000, 1, 10000),
('JB /12/2020/00636', 'K021', 10000, 1, 10000),
('JB /12/2020/00638', 'K016', 16000, 1, 16000),
('JB /12/2020/00640', 'K011', 17000, 1, 17000),
('JB /12/2020/00641', 'K003', 15000, 1, 15000),
('JB /12/2020/00641', 'K013', 17000, 1, 17000),
('JB /12/2020/00641', 'K021', 10000, 1, 10000),
('JB /12/2020/00641', 'K016', 16000, 1, 16000),
('JB /12/2020/00643', 'K009', 16000, 1, 16000),
('JB /12/2020/00643', 'K021', 10000, 1, 10000),
('JB /12/2020/00644', 'K021', 10000, 1, 10000),
('JB /12/2020/00644', 'K013', 17000, 1, 17000),
('JB /12/2020/00648', 'K015', 16000, 1, 16000),
('JB /12/2020/00648', 'K001', 12000, 1, 12000),
('JB /12/2020/00648', 'K008', 16000, 1, 16000),
('JB /12/2020/00650', 'K006', 17000, 1, 17000),
('JB /12/2020/00650', 'K008', 16000, 1, 16000),
('JB /12/2020/00653', 'K016', 16000, 1, 16000);

-- --------------------------------------------------------

--
-- Table structure for table `detaillayan`
--

CREATE TABLE `detaillayan` (
  `IDJUAL` varchar(100) NOT NULL,
  `KODEL` varchar(50) NOT NULL,
  `HARGA` int(11) NOT NULL,
  `JUMLAH` int(11) NOT NULL,
  `TOTAL` int(11) NOT NULL,
  `PEGAWAI` varchar(20) NOT NULL
) ENGINE=InnoDB DEFAULT CHARSET=latin1;

--
-- Dumping data for table `detaillayan`
--

INSERT INTO `detaillayan` (`IDJUAL`, `KODEL`, `HARGA`, `JUMLAH`, `TOTAL`, `PEGAWAI`) VALUES
('JB /10/2020/00003', 'L024', 80000, 1, 80000, 'Mr Anaz'),
('JB /10/2020/00004', 'L024', 80000, 1, 80000, 'Mr Rizky'),
('JB /10/2020/00005', 'L024', 80000, 1, 80000, 'MR Joe'),
('JB /10/2020/00006', 'L024', 80000, 1, 80000, 'Mr Rizky'),
('JB /10/2020/00007', 'L024', 80000, 1, 80000, 'Mr Anaz'),
('JB /10/2020/00008', 'L024', 80000, 1, 80000, 'Mr Anaz'),
('JB /10/2020/00009', 'L024', 80000, 1, 80000, 'MR Joe'),
('JB /10/2020/00010', 'L024', 80000, 1, 80000, 'Mr Anaz'),
('JB /10/2020/00011', 'L024', 80000, 1, 80000, 'Mr Anaz'),
('JB /10/2020/00011', 'L024', 80000, 1, 80000, 'Mr Rizky'),
('JB /10/2020/00012', 'L024', 80000, 1, 80000, 'MR Joe'),
('JB /10/2020/00013', 'L024', 80000, 1, 80000, 'Mr Rizky'),
('JB /10/2020/00014', 'L024', 80000, 1, 80000, 'MR Joe'),
('JB /10/2020/00015', 'L024', 80000, 1, 80000, 'Mr Anaz'),
('JB /10/2020/00015', 'L025', 60000, 1, 60000, 'Mr Anaz'),
('JB /10/2020/00016', 'L024', 80000, 1, 80000, 'MR Joe'),
('JB /10/2020/00017', 'L024', 80000, 1, 80000, 'Mr Rizky'),
('JB /10/2020/00018', 'L024', 80000, 1, 80000, 'Mr Rizky'),
('JB /10/2020/00020', 'L024', 80000, 1, 80000, 'Mr Anaz'),
('JB /10/2020/00020', 'L025', 60000, 1, 60000, 'Mr Anaz'),
('JB /10/2020/00021', 'L005', 35000, 1, 35000, 'MR Joe'),
('JB /10/2020/00021', 'L006', 70000, 1, 70000, 'MR Joe'),
('JB /10/2020/00022', 'L024', 80000, 1, 80000, 'MR Joe'),
('JB /10/2020/00023', 'L024', 80000, 1, 80000, 'Mr Anaz'),
('JB /10/2020/00024', 'L024', 80000, 1, 80000, 'Mr Rizky'),
('JB /10/2020/00025', 'L024', 80000, 1, 80000, 'Mr Anaz'),
('JB /10/2020/00025', 'L025', 60000, 1, 60000, 'Mr Anaz'),
('JB /10/2020/00026', 'L025', 60000, 1, 60000, 'Mr Anaz'),
('JB /10/2020/00027', 'L024', 80000, 1, 80000, 'MR Joe'),
('JB /10/2020/00028', 'L024', 80000, 1, 80000, 'Mr Anaz'),
('JB /10/2020/00029', 'L024', 80000, 1, 80000, 'MR Joe'),
('JB /10/2020/00030', 'L024', 80000, 1, 80000, 'Mr Rizky'),
('JB /10/2020/00030', 'L024', 80000, 1, 80000, 'Mr Rizky'),
('JB /10/2020/00031', 'L024', 80000, 1, 80000, 'Mr Anaz'),
('JB /10/2020/00032', 'L024', 80000, 1, 80000, 'MR Joe'),
('JB /10/2020/00033', 'L024', 80000, 1, 80000, 'Mr Anaz'),
('JB /10/2020/00035', 'L024', 80000, 1, 80000, 'Mr Anaz'),
('JB /10/2020/00037', 'L024', 80000, 1, 80000, 'MR Joe'),
('JB /10/2020/00038', 'L024', 80000, 1, 80000, 'Mr Anaz'),
('JB /10/2020/00040', 'L024', 80000, 1, 80000, 'Mr Anaz'),
('JB /10/2020/00041', 'L005', 35000, 1, 35000, 'Mr Anaz'),
('JB /10/2020/00042', 'L024', 80000, 1, 80000, 'Mr Anaz'),
('JB /10/2020/00043', 'L024', 80000, 1, 80000, 'Mr Anaz'),
('JB /10/2020/00044', 'L024', 80000, 1, 80000, 'Mr Anaz'),
('JB /10/2020/00045', 'L024', 80000, 1, 80000, 'Mr Anaz'),
('JB /10/2020/00046', 'L024', 80000, 1, 80000, 'MR Joe'),
('JB /10/2020/00046', 'L030', 5000, 1, 5000, 'MR Joe'),
('JB /10/2020/00047', 'L024', 80000, 1, 80000, 'Mr Anaz'),
('JB /10/2020/00048', 'L005', 35000, 1, 35000, 'MR Joe'),
('JB /10/2020/00049', 'L024', 80000, 1, 80000, 'MR Joe'),
('JB /10/2020/00050', 'L024', 80000, 1, 80000, 'MR Joe'),
('JB /10/2020/00051', 'L024', 80000, 1, 80000, 'MR Joe'),
('JB /10/2020/00052', 'L024', 80000, 1, 80000, 'MR Joe'),
('JB /10/2020/00053', 'L024', 80000, 1, 80000, 'MR Joe'),
('JB /10/2020/00054', 'L024', 80000, 1, 80000, 'MR Joe'),
('JB /10/2020/00055', 'L024', 80000, 1, 80000, 'Mr Rizky'),
('JB /10/2020/00055', 'L025', 60000, 1, 60000, 'Mr Rizky'),
('JB /10/2020/00056', 'L024', 80000, 1, 80000, 'Mr Rizky'),
('JB /10/2020/00057', 'L024', 80000, 1, 80000, 'Mr Rizky'),
('JB /10/2020/00058', 'L024', 80000, 1, 80000, 'Mr Anaz'),
('JB /10/2020/00059', 'L024', 80000, 1, 80000, 'Mr Anaz'),
('JB /10/2020/00060', 'L024', 80000, 1, 80000, 'Mr Anaz'),
('JB /10/2020/00061', 'L024', 80000, 1, 80000, 'Mr Anaz'),
('JB /10/2020/00062', 'L024', 80000, 1, 80000, 'Mr Rizky'),
('JB /10/2020/00063', 'L024', 80000, 1, 80000, 'Mr Rizky'),
('JB /10/2020/00064', 'L024', 80000, 1, 80000, 'Mr Rizky'),
('JB /10/2020/00065', 'L024', 80000, 1, 80000, 'Mr Rizky'),
('JB /10/2020/00066', 'L024', 80000, 1, 80000, 'Mr Rizky'),
('JB /10/2020/00067', 'L024', 80000, 1, 80000, 'MR Joe'),
('JB /10/2020/00067', 'L030', 5000, 1, 5000, 'MR Joe'),
('JB /10/2020/00068', 'L024', 80000, 1, 80000, 'MR Joe'),
('JB /10/2020/00069', 'L024', 80000, 1, 80000, 'MR Joe'),
('JB /10/2020/00070', 'L024', 80000, 1, 80000, 'MR Joe'),
('JB /10/2020/00071', 'L024', 80000, 1, 80000, 'MR Joe'),
('JB /10/2020/00071', 'L030', 5000, 1, 5000, 'MR Joe'),
('JB /10/2020/00072', 'L024', 80000, 1, 80000, 'MR Joe'),
('JB /10/2020/00073', 'L024', 80000, 1, 80000, 'MR Joe'),
('JB /10/2020/00074', 'L024', 80000, 1, 80000, 'MR Joe'),
('JB /10/2020/00075', 'L024', 80000, 1, 80000, 'MR Joe'),
('JB /10/2020/00076', 'L024', 80000, 1, 80000, 'Mr Anaz'),
('JB /10/2020/00078', 'L024', 80000, 1, 80000, 'Mr Anaz'),
('JB /10/2020/00080', 'L024', 80000, 1, 80000, 'Mr Anaz'),
('JB /10/2020/00081', 'L024', 80000, 1, 80000, 'Mr Anaz'),
('JB /10/2020/00082', 'L024', 80000, 1, 80000, 'Mr Anaz'),
('JB /10/2020/00083', 'L024', 80000, 1, 80000, 'Mr Anaz'),
('JB /10/2020/00084', 'L024', 80000, 1, 80000, 'Mr Anaz'),
('JB /10/2020/00085', 'L024', 80000, 1, 80000, 'Mr Anaz'),
('JB /10/2020/00086', 'L024', 80000, 1, 80000, 'MR Joe'),
('JB /10/2020/00087', 'L024', 80000, 1, 80000, 'MR Joe'),
('JB /10/2020/00087', 'L004', 150000, 1, 150000, 'MR Joe'),
('JB /10/2020/00088', 'L024', 80000, 1, 80000, 'MR Joe'),
('JB /10/2020/00089', 'L024', 80000, 1, 80000, 'MR Joe'),
('JB /10/2020/00090', 'L024', 80000, 1, 80000, 'MR Joe'),
('JB /10/2020/00091', 'L024', 80000, 1, 80000, 'Mr Rizky'),
('JB /10/2020/00092', 'L024', 80000, 1, 80000, 'Mr Rizky'),
('JB /10/2020/00093', 'L024', 80000, 2, 160000, 'Mr Anaz'),
('JB /10/2020/00093', 'L025', 60000, 1, 60000, 'Mr Anaz'),
('JB /10/2020/00094', 'L024', 80000, 1, 80000, 'Mr Anaz'),
('JB /10/2020/00095', 'L024', 80000, 1, 80000, 'Mr Anaz'),
('JB /10/2020/00096', 'L024', 80000, 1, 80000, 'Mr Anaz'),
('JB /10/2020/00097', 'L024', 80000, 1, 80000, 'Mr Anaz'),
('JB /10/2020/00098', 'L024', 80000, 1, 80000, 'Mr Anaz'),
('JB /10/2020/00099', 'L024', 80000, 1, 80000, 'Mr Anaz'),
('JB /10/2020/00100', 'L024', 80000, 1, 80000, 'Mr Anaz'),
('JB /10/2020/00101', 'L024', 80000, 1, 80000, 'Mr Anaz'),
('JB /10/2020/00102', 'L024', 80000, 1, 80000, 'Mr Anaz'),
('JB /10/2020/00103', 'L024', 80000, 1, 80000, 'Mr Rizky'),
('JB /10/2020/00104', 'L024', 80000, 1, 80000, 'Mr Rizky'),
('JB /10/2020/00105', 'L024', 80000, 1, 80000, 'Mr Rizky'),
('JB /10/2020/00106', 'L024', 80000, 1, 80000, 'Mr Rizky'),
('JB /10/2020/00107', 'L024', 80000, 1, 80000, 'MR Joe'),
('JB /10/2020/00107', 'L030', 5000, 1, 5000, 'MR Joe'),
('JB /10/2020/00108', 'L024', 80000, 1, 80000, 'MR Joe'),
('JB /10/2020/00108', 'L030', 5000, 1, 5000, 'MR Joe'),
('JB /10/2020/00109', 'L024', 80000, 1, 80000, 'MR Joe'),
('JB /10/2020/00110', 'L024', 80000, 1, 80000, 'MR Joe'),
('JB /10/2020/00111', 'L024', 80000, 1, 80000, 'MR Joe'),
('JB /10/2020/00112', 'L030', 5000, 1, 5000, 'MR Joe'),
('JB /10/2020/00113', 'L024', 80000, 1, 80000, 'MR Joe'),
('JB /10/2020/00114', 'L024', 80000, 1, 80000, 'MR Joe'),
('JB /10/2020/00115', 'L024', 80000, 1, 80000, 'MR Joe'),
('JB /10/2020/00116', 'L024', 80000, 1, 80000, 'Mr Anaz'),
('JB /10/2020/00117', 'L024', 80000, 1, 80000, 'Mr Anaz'),
('JB /10/2020/00118', 'L024', 80000, 1, 80000, 'Mr Anaz'),
('JB /10/2020/00119', 'L024', 80000, 1, 80000, 'Mr Anaz'),
('JB /10/2020/00120', 'L024', 80000, 1, 80000, 'Mr Anaz'),
('JB /10/2020/00122', 'L008', 60000, 1, 60000, 'Mr Rizky'),
('JB /10/2020/00123', 'L024', 80000, 1, 80000, 'Mr Rizky'),
('JB /10/2020/00124', 'L024', 80000, 1, 80000, 'Mr Rizky'),
('JB /10/2020/00125', 'L024', 80000, 1, 80000, 'Mr Rizky'),
('JB /10/2020/00126', 'L024', 80000, 1, 80000, 'Mr Rizky'),
('JB /10/2020/00127', 'L024', 80000, 1, 80000, 'Mr Rizky'),
('JB /10/2020/00129', 'L024', 80000, 1, 80000, 'MR Joe'),
('JB /10/2020/00130', 'L024', 80000, 1, 80000, 'MR Joe'),
('JB /10/2020/00131', 'L024', 80000, 1, 80000, 'MR Joe'),
('JB /10/2020/00132', 'L024', 80000, 1, 80000, 'MR Joe'),
('JB /10/2020/00133', 'L024', 80000, 1, 80000, 'MR Joe'),
('JB /10/2020/00133', 'L024', 80000, 1, 80000, 'MR Joe'),
('JB /10/2020/00133', 'L030', 5000, 1, 5000, 'MR Joe'),
('JB /10/2020/00134', 'L024', 80000, 1, 80000, 'Mr Anaz'),
('JB /10/2020/00134', 'L024', 80000, 1, 80000, 'Mr Anaz'),
('JB /10/2020/00134', 'L027', 150000, 1, 150000, 'Mr Anaz'),
('JB /10/2020/00135', 'L024', 80000, 1, 80000, 'Mr Anaz'),
('JB /10/2020/00136', 'L024', 80000, 1, 80000, 'Mr Anaz'),
('JB /10/2020/00137', 'L024', 80000, 1, 80000, 'Mr Anaz'),
('JB /10/2020/00138', 'L024', 80000, 1, 80000, 'Mr Anaz'),
('JB /10/2020/00140', 'L024', 80000, 1, 80000, 'Mr Anaz'),
('JB /10/2020/00141', 'L025', 60000, 1, 60000, 'Mr Anaz'),
('JB /10/2020/00142', 'L024', 80000, 1, 80000, 'Mr Anaz'),
('JB /10/2020/00143', 'L043', 45000, 1, 45000, 'Mr Anaz'),
('JB /10/2020/00144', 'L031', 70000, 1, 70000, 'Mr Anaz'),
('JB /10/2020/00145', 'L024', 80000, 1, 80000, 'MR Joe'),
('JB /10/2020/00146', 'L024', 80000, 1, 80000, 'MR Joe'),
('JB /10/2020/00146', 'L025', 60000, 1, 60000, 'MR Joe'),
('JB /10/2020/00147', 'L024', 80000, 1, 80000, 'MR Joe'),
('JB /10/2020/00147', 'L030', 5000, 1, 5000, 'MR Joe'),
('JB /10/2020/00148', 'L024', 80000, 1, 80000, 'MR Joe'),
('JB /10/2020/00150', 'L024', 80000, 1, 80000, 'MR Joe'),
('JB /10/2020/00152', 'L024', 80000, 1, 80000, 'MR Joe'),
('JB /10/2020/00153', 'L024', 80000, 1, 80000, 'MR Joe'),
('JB /10/2020/00154', 'L030', 5000, 1, 5000, 'MR Joe'),
('JB /10/2020/00155', 'L024', 80000, 1, 80000, 'MR Joe'),
('JB /10/2020/00156', 'L025', 60000, 1, 60000, 'Mr Rizky'),
('JB /10/2020/00157', 'L024', 80000, 1, 80000, 'Mr Rizky'),
('JB /10/2020/00158', 'L024', 80000, 1, 80000, 'Mr Rizky'),
('JB /10/2020/00159', 'L024', 80000, 1, 80000, 'Mr Rizky'),
('JB /10/2020/00160', 'L024', 80000, 1, 80000, 'Mr Rizky'),
('JB /10/2020/00161', 'L024', 80000, 1, 80000, 'Mr Rizky'),
('JB /10/2020/00162', 'L042', 20000, 1, 20000, 'sarah'),
('JB /10/2020/00163', 'L031', 70000, 1, 70000, 'sarah'),
('JB /10/2020/00164', 'L031', 70000, 1, 70000, 'sarah'),
('JB /10/2020/00165', 'L032', 80000, 1, 80000, 'sarah'),
('JB /10/2020/00166', 'L031', 70000, 1, 70000, 'Khusnul'),
('JB /10/2020/00167', 'L031', 70000, 1, 70000, 'sarah'),
('JB /10/2020/00168', 'L024', 80000, 1, 80000, 'Mr Anaz'),
('JB /10/2020/00169', 'L043', 45000, 1, 45000, 'Mr Anaz'),
('JB /10/2020/00170', 'L025', 60000, 1, 60000, 'Mr Anaz'),
('JB /10/2020/00171', 'L024', 80000, 1, 80000, 'Mr Anaz'),
('JB /10/2020/00172', 'L024', 80000, 1, 80000, 'Mr Anaz'),
('JB /10/2020/00173', 'L024', 80000, 2, 160000, 'Mr Anaz'),
('JB /10/2020/00174', 'L024', 80000, 1, 80000, 'Mr Anaz'),
('JB /10/2020/00175', 'L024', 80000, 1, 80000, 'Mr Rizky'),
('JB /10/2020/00176', 'L024', 80000, 1, 80000, 'Mr Rizky'),
('JB /10/2020/00177', 'L024', 80000, 1, 80000, 'Mr Rizky'),
('JB /10/2020/00178', 'L024', 80000, 1, 80000, 'Mr Rizky'),
('JB /10/2020/00179', 'L024', 80000, 1, 80000, 'MR Joe'),
('JB /10/2020/00179', 'L030', 5000, 1, 5000, 'MR Joe'),
('JB /10/2020/00180', 'L024', 80000, 1, 80000, 'MR Joe'),
('JB /10/2020/00181', 'L024', 80000, 1, 80000, 'MR Joe'),
('JB /10/2020/00182', 'L024', 80000, 1, 80000, 'MR Joe'),
('JB /10/2020/00182', 'L025', 60000, 1, 60000, 'MR Joe'),
('JB /10/2020/00183', 'L025', 60000, 1, 60000, 'MR Joe'),
('JB /10/2020/00184', 'L024', 80000, 1, 80000, 'MR Joe'),
('JB /10/2020/00185', 'L032', 80000, 1, 80000, 'sarah'),
('JB /10/2020/00186', 'L032', 80000, 1, 80000, 'sarah'),
('JB /10/2020/00186', 'L008', 60000, 1, 60000, 'sarah'),
('JB /10/2020/00187', 'L024', 80000, 1, 80000, 'Mr Anaz'),
('JB /10/2020/00188', 'L024', 80000, 1, 80000, 'Mr Rizky'),
('JB /10/2020/00189', 'L024', 80000, 1, 80000, 'Mr Rizky'),
('JB /10/2020/00190', 'L024', 80000, 1, 80000, 'Mr Rizky'),
('JB /10/2020/00191', 'L024', 80000, 1, 80000, 'MR Joe'),
('JB /10/2020/00192', 'L025', 60000, 1, 60000, 'MR Joe'),
('JB /10/2020/00193', 'L024', 80000, 1, 80000, 'Mr Rizky'),
('JB /10/2020/00194', 'L024', 80000, 1, 80000, 'Mr Rizky'),
('JB /10/2020/00195', 'L005', 35000, 1, 35000, 'Mr Rizky'),
('JB /10/2020/00195', 'L006', 70000, 1, 70000, 'Mr Rizky'),
('JB /10/2020/00196', 'L032', 80000, 1, 80000, 'sarah'),
('JB /10/2020/00197', 'L024', 80000, 1, 80000, 'MR Joe'),
('JB /10/2020/00198', 'L024', 80000, 1, 80000, 'MR Joe'),
('JB /10/2020/00198', 'L030', 5000, 1, 5000, 'MR Joe'),
('JB /10/2020/00199', 'L024', 80000, 1, 80000, 'MR Joe'),
('JB /10/2020/00199', 'L025', 60000, 1, 60000, 'Mr Rizky'),
('JB /10/2020/00200', 'L024', 80000, 1, 80000, 'Mr Anaz'),
('JB /10/2020/00201', 'L024', 80000, 1, 80000, 'Mr Anaz'),
('JB /10/2020/00202', 'L024', 80000, 1, 80000, 'Mr Rizky'),
('JB /10/2020/00203', 'L024', 80000, 1, 80000, 'Mr Rizky'),
('JB /10/2020/00204', 'L024', 80000, 1, 80000, 'MR Joe'),
('JB /10/2020/00205', 'L031', 70000, 1, 70000, 'Khusnul'),
('JB /10/2020/00206', 'L037', 500000, 1, 500000, 'MR Joe'),
('JB /10/2020/00207', 'L024', 80000, 1, 80000, 'MR Joe'),
('JB /10/2020/00208', 'L024', 80000, 1, 80000, 'Mr Rizky'),
('JB /10/2020/00209', 'L031', 70000, 1, 70000, 'sarah'),
('JB /10/2020/00210', 'L024', 80000, 1, 80000, 'Mr Anaz'),
('JB /10/2020/00210', 'L045', 80000, 1, 80000, 'sarah'),
('JB /10/2020/00211', 'L041', 400000, 1, 400000, 'MR Joe'),
('JB /10/2020/00212', 'L024', 80000, 1, 80000, 'MR Joe'),
('JB /10/2020/00212', 'L025', 60000, 1, 60000, 'MR Joe'),
('JB /11/2020/00213', 'L024', 80000, 2, 160000, 'MR Joe'),
('JB /11/2020/00214', 'L024', 80000, 1, 80000, 'Mr Anaz'),
('JB /11/2020/00215', 'L041', 400000, 1, 400000, 'MR Joe'),
('JB /11/2020/00216', 'L025', 60000, 1, 60000, 'Mr Anaz'),
('JB /11/2020/00217', 'L024', 80000, 1, 80000, 'Mr Rizky'),
('JB /11/2020/00217', 'L001', 100000, 1, 100000, 'Mr Anaz'),
('JB /11/2020/00217', 'L024', 80000, 1, 80000, 'Mr Anaz'),
('JB /11/2020/00217', 'L042', 20000, 1, 20000, 'sarah'),
('JB /11/2020/00218', 'L024', 80000, 1, 80000, 'MR Joe'),
('JB /11/2020/00219', 'L024', 80000, 1, 80000, 'Mr Rizky'),
('JB /11/2020/00220', 'L025', 60000, 1, 60000, 'MR Joe'),
('JB /11/2020/00221', 'L024', 80000, 1, 80000, 'Mr Anaz'),
('JB /11/2020/00221', 'L025', 60000, 1, 60000, 'Mr Rizky'),
('JB /11/2020/00222', 'L024', 80000, 1, 80000, 'MR Joe'),
('JB /11/2020/00222', 'L024', 80000, 1, 80000, 'Mr Rizky'),
('JB /11/2020/00225', 'L024', 80000, 1, 80000, 'Mr Anaz'),
('JB /11/2020/00225', 'L045', 80000, 1, 80000, 'sarah'),
('JB /11/2020/00225', 'L043', 45000, 1, 45000, 'sarah'),
('JB /11/2020/00226', 'L024', 80000, 1, 80000, 'Mr Anaz'),
('JB /11/2020/00227', 'L024', 80000, 1, 80000, 'Mr Rizky'),
('JB /11/2020/00227', 'L008', 60000, 1, 60000, 'sarah'),
('JB /11/2020/00228', 'L025', 60000, 1, 60000, 'MR Joe'),
('JB /11/2020/00230', 'L024', 80000, 1, 80000, 'Mr Anaz'),
('JB /11/2020/00230', 'L008', 60000, 1, 60000, 'sarah'),
('JB /11/2020/00231', 'L024', 80000, 1, 80000, 'Mr Rizky'),
('JB /11/2020/00233', 'L025', 60000, 1, 60000, 'Mr Rizky'),
('JB /11/2020/00233', 'L024', 80000, 1, 80000, 'Mr Anaz'),
('JB /11/2020/00234', 'L024', 80000, 1, 80000, 'Mr Anaz'),
('JB /11/2020/00235', 'L024', 80000, 1, 80000, 'MR Joe'),
('JB /11/2020/00236', 'L024', 80000, 1, 80000, 'Mr Anaz'),
('JB /11/2020/00237', 'L024', 80000, 1, 80000, 'Mr Rizky'),
('JB /11/2020/00237', 'L031', 70000, 1, 70000, 'sarah'),
('JB /11/2020/00238', 'L025', 60000, 1, 60000, 'MR Joe'),
('JB /11/2020/00238', 'L024', 80000, 1, 80000, 'Mr Anaz'),
('JB /11/2020/00239', 'L024', 80000, 1, 80000, 'MR Joe'),
('JB /11/2020/00240', 'L024', 80000, 1, 80000, 'MR Joe'),
('JB /11/2020/00240', 'L024', 80000, 1, 80000, 'Mr Anaz'),
('JB /11/2020/00240', 'L033', 100000, 1, 100000, 'sarah'),
('JB /11/2020/00241', 'L024', 80000, 1, 80000, 'Mr Anaz'),
('JB /11/2020/00242', 'L024', 80000, 1, 80000, 'MR Joe'),
('JB /11/2020/00243', 'L050', 45000, 1, 45000, 'sarah'),
('JB /11/2020/00243', 'L025', 60000, 1, 60000, 'Mr Anaz'),
('JB /11/2020/00244', 'L024', 80000, 1, 80000, 'MR Joe'),
('JB /11/2020/00245', 'L024', 80000, 1, 80000, 'MR Joe'),
('JB /11/2020/00246', 'L024', 80000, 1, 80000, 'MR Joe'),
('JB /11/2020/00246', 'L024', 80000, 1, 80000, 'Mr Rizky'),
('JB /11/2020/00246', 'L031', 70000, 1, 70000, 'sarah'),
('JB /11/2020/00246', 'L031', 70000, 1, 70000, 'Khusnul'),
('JB /11/2020/00247', 'L024', 80000, 1, 80000, 'MR Joe'),
('JB /11/2020/00248', 'L024', 80000, 1, 80000, 'MR Joe'),
('JB /11/2020/00248', 'L051', 45000, 1, 45000, 'sarah'),
('JB /11/2020/00248', 'L042', 20000, 1, 20000, 'sarah'),
('JB /11/2020/00249', 'L031', 70000, 1, 70000, 'sarah'),
('JB /11/2020/00249', 'L024', 80000, 1, 80000, 'MR Joe'),
('JB /11/2020/00250', 'L024', 80000, 1, 80000, 'Mr Anaz'),
('JB /11/2020/00251', 'L031', 70000, 1, 70000, 'sarah'),
('JB /11/2020/00251', 'L024', 80000, 1, 80000, 'Mr Rizky'),
('JB /11/2020/00252', 'L024', 80000, 1, 80000, 'Mr Rizky'),
('JB /11/2020/00253', 'L024', 80000, 1, 80000, 'Mr Anaz'),
('JB /11/2020/00253', 'L024', 80000, 1, 80000, 'Mr Rizky'),
('JB /11/2020/00253', 'L031', 70000, 1, 70000, 'sarah'),
('JB /11/2020/00254', 'L024', 80000, 1, 80000, 'Mr Anaz'),
('JB /11/2020/00255', 'L024', 80000, 1, 80000, 'MR Joe'),
('JB /11/2020/00255', 'L031', 70000, 1, 70000, 'sarah'),
('JB /11/2020/00256', 'L024', 80000, 1, 80000, 'MR Joe'),
('JB /11/2020/00257', 'L046', 100000, 1, 100000, 'Khusnul'),
('JB /11/2020/00257', 'L024', 80000, 1, 80000, 'Mr Anaz'),
('JB /11/2020/00257', 'L025', 60000, 1, 60000, 'Mr Anaz'),
('JB /11/2020/00258', 'L025', 60000, 1, 60000, 'Mr Anaz'),
('JB /11/2020/00259', 'L024', 80000, 1, 80000, 'Mr Rizky'),
('JB /11/2020/00260', 'L024', 80000, 1, 80000, 'MR Joe'),
('JB /11/2020/00260', 'L033', 100000, 1, 100000, 'sarah'),
('JB /11/2020/00261', 'L024', 80000, 1, 80000, 'Mr Anaz'),
('JB /11/2020/00263', 'L024', 80000, 1, 80000, 'MR Joe'),
('JB /11/2020/00263', 'L049', 50000, 1, 50000, 'MR Joe'),
('JB /11/2020/00263', 'L030', 5000, 1, 5000, 'MR Joe'),
('JB /11/2020/00264', 'L024', 80000, 1, 80000, 'MR Joe'),
('JB /11/2020/00265', 'L024', 80000, 1, 80000, 'Mr Anaz'),
('JB /11/2020/00265', 'L024', 80000, 1, 80000, 'Mr Rizky'),
('JB /11/2020/00266', 'L024', 80000, 1, 80000, 'MR Joe'),
('JB /11/2020/00267', 'L024', 80000, 1, 80000, 'Mr Anaz'),
('JB /11/2020/00268', 'L024', 80000, 1, 80000, 'Mr Rizky'),
('JB /11/2020/00269', 'L024', 80000, 1, 80000, 'MR Joe'),
('JB /11/2020/00269', 'L031', 70000, 1, 70000, 'Khusnul'),
('JB /11/2020/00269', 'L034', 120000, 1, 120000, 'sarah'),
('JB /11/2020/00269', 'L006', 70000, 1, 70000, 'MR Joe'),
('JB /11/2020/00270', 'L024', 80000, 1, 80000, 'Mr Rizky'),
('JB /11/2020/00271', 'L042', 20000, 1, 20000, 'Khusnul'),
('JB /11/2020/00272', 'L024', 80000, 1, 80000, 'Mr Anaz'),
('JB /11/2020/00273', 'L024', 80000, 1, 80000, 'Mr Anaz'),
('JB /11/2020/00274', 'L024', 80000, 1, 80000, 'Mr Anaz'),
('JB /11/2020/00274', 'L024', 80000, 1, 80000, 'MR Joe'),
('JB /11/2020/00275', 'L024', 80000, 1, 80000, 'Mr Anaz'),
('JB /11/2020/00276', 'L024', 80000, 1, 80000, 'MR Joe'),
('JB /11/2020/00277', 'L024', 80000, 1, 80000, 'Mr Anaz'),
('JB /11/2020/00277', 'L043', 45000, 1, 45000, 'Mr Anaz'),
('JB /11/2020/00277', 'L031', 70000, 1, 70000, 'sarah'),
('JB /11/2020/00278', 'L024', 80000, 1, 80000, 'MR Joe'),
('JB /11/2020/00278', 'L031', 70000, 1, 70000, 'Khusnul'),
('JB /11/2020/00279', 'L024', 80000, 1, 80000, 'Mr Rizky'),
('JB /11/2020/00280', 'L024', 80000, 1, 80000, 'MR Joe'),
('JB /11/2020/00281', 'L024', 80000, 1, 80000, 'Mr Rizky'),
('JB /11/2020/00281', 'L024', 80000, 1, 80000, 'Mr Anaz'),
('JB /11/2020/00282', 'L024', 80000, 1, 80000, 'MR Joe'),
('JB /11/2020/00284', 'L024', 80000, 1, 80000, 'MR Joe'),
('JB /11/2020/00285', 'L024', 80000, 1, 80000, 'Mr Anaz'),
('JB /11/2020/00286', 'L024', 80000, 1, 80000, 'Mr Rizky'),
('JB /11/2020/00287', 'L024', 80000, 1, 80000, 'Mr Anaz'),
('JB /11/2020/00288', 'L024', 80000, 1, 80000, 'Mr Rizky'),
('JB /11/2020/00289', 'L024', 80000, 1, 80000, 'MR Joe'),
('JB /11/2020/00289', 'L030', 5000, 1, 5000, 'MR Joe'),
('JB /11/2020/00289', 'L031', 70000, 1, 70000, 'sarah'),
('JB /11/2020/00290', 'L024', 80000, 1, 80000, 'Mr Rizky'),
('JB /11/2020/00291', 'L024', 80000, 1, 80000, 'Mr Anaz'),
('JB /11/2020/00291', 'L024', 80000, 1, 80000, 'Mr Rizky'),
('JB /11/2020/00292', 'L025', 60000, 1, 60000, 'MR Joe'),
('JB /11/2020/00292', 'L026', 150000, 1, 150000, 'MR Joe'),
('JB /11/2020/00292', 'L032', 80000, 1, 80000, 'sarah'),
('JB /11/2020/00293', 'L024', 80000, 1, 80000, 'Mr Anaz'),
('JB /11/2020/00293', 'L024', 80000, 1, 80000, 'Mr Rizky'),
('JB /11/2020/00294', 'L024', 80000, 1, 80000, 'MR Joe'),
('JB /11/2020/00294', 'L052', 150000, 1, 150000, 'MR Joe'),
('JB /11/2020/00294', 'L030', 5000, 1, 5000, 'MR Joe'),
('JB /11/2020/00295', 'L024', 80000, 1, 80000, 'MR Joe'),
('JB /11/2020/00296', 'L029', 50000, 1, 50000, 'Mr Anaz'),
('JB /11/2020/00304', 'L024', 80000, 1, 80000, 'MR Joe'),
('JB /11/2020/00305', 'L024', 80000, 1, 80000, 'Mr Rizky'),
('JB /11/2020/00306', 'L024', 80000, 1, 80000, 'MR Joe'),
('JB /11/2020/00307', 'L024', 80000, 1, 80000, 'MR Joe'),
('JB /11/2020/00307', 'L030', 5000, 1, 5000, 'MR Joe'),
('JB /11/2020/00308', 'L024', 80000, 1, 80000, 'Mr Anaz'),
('JB /11/2020/00309', 'L024', 80000, 1, 80000, 'MR Joe'),
('JB /11/2020/00310', 'L032', 80000, 1, 80000, 'sarah'),
('JB /11/2020/00311', 'L024', 80000, 1, 80000, 'Mr Rizky'),
('JB /11/2020/00311', 'L026', 150000, 1, 150000, 'Mr Rizky'),
('JB /11/2020/00312', 'L024', 80000, 1, 80000, 'MR Joe'),
('JB /11/2020/00314', 'L024', 80000, 1, 80000, 'Mr Anaz'),
('JB /11/2020/00315', 'L031', 70000, 1, 70000, 'Khusnul'),
('JB /11/2020/00315', 'L034', 120000, 1, 120000, 'sarah'),
('JB /11/2020/00315', 'L006', 70000, 1, 70000, 'MR Joe'),
('JB /11/2020/00319', 'L043', 45000, 1, 45000, 'Mr Anaz'),
('JB /11/2020/00319', 'L024', 80000, 1, 80000, 'Mr Anaz'),
('JB /11/2020/00319', 'L031', 70000, 1, 70000, 'Mr Anaz'),
('JB /11/2020/00320', 'L024', 80000, 1, 80000, 'Mr Anaz'),
('JB /11/2020/00321', 'L024', 80000, 1, 80000, 'Mr Rizky'),
('JB /11/2020/00323', 'L024', 80000, 1, 80000, 'Mr Rizky'),
('JB /11/2020/00324', 'L024', 80000, 1, 80000, 'Mr Anaz'),
('JB /11/2020/00326', 'L024', 80000, 1, 80000, 'Mr Anaz'),
('JB /11/2020/00327', 'L024', 80000, 1, 80000, 'MR Joe'),
('JB /11/2020/00327', 'L030', 5000, 1, 5000, 'MR Joe'),
('JB /11/2020/00327', 'L032', 80000, 1, 80000, 'sarah'),
('JB /11/2020/00328', 'L024', 80000, 1, 80000, 'MR Joe'),
('JB /11/2020/00328', 'L030', 5000, 1, 5000, 'MR Joe'),
('JB /11/2020/00329', 'L024', 80000, 1, 80000, 'Mr Rizky'),
('JB /11/2020/00331', 'L038', 700000, 1, 700000, 'MR Joe'),
('JB /11/2020/00333', 'L024', 80000, 1, 80000, 'MR Joe'),
('JB /11/2020/00337', 'L024', 80000, 1, 80000, 'MR Joe'),
('JB /11/2020/00337', 'L030', 5000, 1, 5000, 'sarah'),
('JB /11/2020/00337', 'L031', 70000, 1, 70000, 'sarah'),
('JB /11/2020/00338', 'L024', 80000, 1, 80000, 'Mr Anaz'),
('JB /11/2020/00339', 'L024', 80000, 1, 80000, 'Mr Anaz'),
('JB /11/2020/00340', 'L024', 80000, 1, 80000, 'MR Joe'),
('JB /11/2020/00340', 'L030', 5000, 1, 5000, 'MR Joe'),
('JB /11/2020/00340', 'L026', 150000, 1, 150000, 'MR Joe'),
('JB /11/2020/00341', 'L024', 80000, 1, 80000, 'Mr Anaz'),
('JB /11/2020/00342', 'L024', 80000, 1, 80000, 'MR Joe'),
('JB /11/2020/00344', 'L024', 80000, 1, 80000, 'Mr Rizky'),
('JB /11/2020/00345', 'L024', 80000, 1, 80000, 'MR Joe'),
('JB /11/2020/00345', 'L031', 70000, 1, 70000, 'sarah'),
('JB /11/2020/00346', 'L032', 80000, 1, 80000, 'sarah'),
('JB /11/2020/00346', 'L024', 80000, 1, 80000, 'Mr Anaz'),
('JB /11/2020/00346', 'L004', 150000, 1, 150000, 'Mr Anaz'),
('JB /11/2020/00347', 'L024', 80000, 1, 80000, 'Mr Rizky'),
('JB /11/2020/00348', 'L025', 60000, 1, 60000, 'Mr Anaz'),
('JB /11/2020/00349', 'L024', 80000, 1, 80000, 'MR Joe'),
('JB /11/2020/00349', 'L025', 60000, 1, 60000, 'Mr Rizky'),
('JB /11/2020/00351', 'L024', 80000, 1, 80000, 'Mr Anaz'),
('JB /11/2020/00352', 'L025', 60000, 1, 60000, 'Mr Anaz'),
('JB /11/2020/00354', 'L024', 80000, 1, 80000, 'MR Joe'),
('JB /11/2020/00354', 'L025', 60000, 1, 60000, 'Mr Rizky'),
('JB /11/2020/00355', 'L024', 80000, 1, 80000, 'Mr Anaz'),
('JB /11/2020/00358', 'L024', 80000, 1, 80000, 'MR Joe'),
('JB /11/2020/00358', 'L031', 70000, 1, 70000, 'sarah'),
('JB /11/2020/00359', 'L025', 60000, 1, 60000, 'Mr Rizky'),
('JB /11/2020/00360', 'L046', 100000, 1, 100000, 'sarah'),
('JB /11/2020/00362', 'L004', 150000, 1, 150000, 'MR Joe'),
('JB /11/2020/00362', 'L004', 150000, 1, 150000, 'Mr Anaz'),
('JB /11/2020/00364', 'L024', 80000, 1, 80000, 'MR Joe'),
('JB /11/2020/00364', 'L032', 80000, 1, 80000, 'sarah'),
('JB /11/2020/00364', 'L006', 70000, 1, 70000, 'MR Joe'),
('JB /11/2020/00367', 'L024', 80000, 1, 80000, 'Mr Anaz'),
('JB /11/2020/00368', 'L024', 80000, 1, 80000, 'Mr Anaz'),
('JB /11/2020/00370', 'L024', 80000, 1, 80000, 'Mr Anaz'),
('JB /11/2020/00370', 'L031', 70000, 1, 70000, 'sarah'),
('JB /11/2020/00371', 'L024', 80000, 1, 80000, 'Mr Rizky'),
('JB /11/2020/00372', 'L024', 80000, 1, 80000, 'Mr Anaz'),
('JB /11/2020/00372', 'L025', 60000, 1, 60000, 'Mr Anaz'),
('JB /11/2020/00373', 'L024', 80000, 1, 80000, 'Mr Rizky'),
('JB /11/2020/00374', 'L024', 80000, 1, 80000, 'Mr Anaz'),
('JB /11/2020/00375', 'L024', 80000, 1, 80000, 'Mr Rizky'),
('JB /11/2020/00376', 'L024', 80000, 1, 80000, 'Mr Anaz'),
('JB /11/2020/00376', 'L024', 80000, 1, 80000, 'Mr Rizky'),
('JB /11/2020/00378', 'L024', 80000, 1, 80000, 'Mr Rizky'),
('JB /11/2020/00379', 'L024', 80000, 1, 80000, 'Mr Anaz'),
('JB /11/2020/00380', 'L024', 80000, 1, 80000, 'Mr Anaz'),
('JB /11/2020/00381', 'L024', 80000, 1, 80000, 'Mr Rizky'),
('JB /11/2020/00382', 'L024', 80000, 1, 80000, 'Mr Anaz'),
('JB /11/2020/00384', 'L024', 80000, 1, 80000, 'MR Joe'),
('JB /11/2020/00385', 'L024', 80000, 2, 160000, 'Mr Anaz'),
('JB /11/2020/00386', 'L024', 80000, 1, 80000, 'Mr Rizky'),
('JB /11/2020/00387', 'L024', 80000, 1, 80000, 'Mr Anaz'),
('JB /11/2020/00388', 'L024', 80000, 1, 80000, 'Mr Rizky'),
('JB /11/2020/00389', 'L037', 500000, 1, 500000, 'MR Joe'),
('JB /11/2020/00389', 'L018', 400000, 1, 400000, 'MR Joe'),
('JB /11/2020/00389', 'L006', 70000, 1, 70000, 'MR Joe'),
('JB /11/2020/00390', 'L024', 80000, 1, 80000, 'Mr Rizky'),
('JB /11/2020/00390', 'L025', 60000, 1, 60000, 'Mr Anaz'),
('JB /11/2020/00391', 'L024', 80000, 1, 80000, 'MR Joe'),
('JB /11/2020/00392', 'L024', 80000, 1, 80000, 'Mr Anaz'),
('JB /11/2020/00393', 'L024', 80000, 1, 80000, 'Mr Rizky'),
('JB /11/2020/00397', 'L024', 80000, 1, 80000, 'Mr Anaz'),
('JB /11/2020/00398', 'L025', 60000, 1, 60000, 'Mr Anaz'),
('JB /11/2020/00399', 'L024', 80000, 1, 80000, 'Mr Rizky'),
('JB /11/2020/00399', 'L025', 60000, 1, 60000, 'Mr Rizky'),
('JB /11/2020/00400', 'L024', 80000, 1, 80000, 'Mr Anaz'),
('JB /11/2020/00400', 'L024', 80000, 1, 80000, 'MR Joe'),
('JB /11/2020/00401', 'L024', 80000, 1, 80000, 'MR Joe'),
('JB /11/2020/00401', 'L043', 45000, 1, 45000, 'MR Joe'),
('JB /11/2020/00402', 'L024', 80000, 1, 80000, 'Mr Rizky'),
('JB /11/2020/00402', 'L031', 70000, 1, 70000, 'Khusnul'),
('JB /11/2020/00402', 'L024', 80000, 1, 80000, 'Mr Anaz'),
('JB /11/2020/00403', 'L024', 80000, 1, 80000, 'MR Joe'),
('JB /11/2020/00404', 'L024', 80000, 1, 80000, 'Mr Rizky'),
('JB /11/2020/00406', 'L024', 80000, 1, 80000, 'Mr Rizky'),
('JB /11/2020/00407', 'L024', 80000, 1, 80000, 'MR Joe'),
('JB /11/2020/00408', 'L024', 80000, 1, 80000, 'Mr Anaz'),
('JB /11/2020/00409', 'L024', 80000, 1, 80000, 'MR Joe'),
('JB /11/2020/00409', 'L031', 70000, 1, 70000, 'sarah'),
('JB /11/2020/00410', 'L024', 80000, 1, 80000, 'MR Joe'),
('JB /11/2020/00412', 'L007', 60000, 1, 60000, 'Mr Rizky'),
('JB /11/2020/00412', 'L024', 80000, 1, 80000, 'Mr Anaz'),
('JB /11/2020/00413', 'L024', 80000, 1, 80000, 'Mr Anaz'),
('JB /11/2020/00414', 'L024', 80000, 1, 80000, 'MR Joe'),
('JB /11/2020/00417', 'L031', 70000, 1, 70000, 'sarah'),
('JB /11/2020/00417', 'L024', 80000, 1, 80000, 'Mr Rizky'),
('JB /11/2020/00418', 'L024', 80000, 1, 80000, 'MR Joe'),
('JB /11/2020/00418', 'L024', 80000, 1, 80000, 'Mr Rizky'),
('JB /11/2020/00418', 'L030', 5000, 1, 5000, 'MR Joe'),
('JB /11/2020/00419', 'L024', 80000, 1, 80000, 'Mr Anaz'),
('JB /11/2020/00419', 'L025', 60000, 1, 60000, 'Mr Anaz'),
('JB /11/2020/00420', 'L001', 100000, 1, 100000, 'MR Joe'),
('JB /11/2020/00421', 'L024', 80000, 1, 80000, 'Mr Rizky'),
('JB /11/2020/00422', 'L024', 80000, 1, 80000, 'MR Joe'),
('JB /11/2020/00423', 'L025', 60000, 1, 60000, 'Mr Anaz'),
('JB /11/2020/00423', 'L025', 60000, 1, 60000, 'Mr Rizky'),
('JB /11/2020/00424', 'L024', 80000, 1, 80000, 'Mr Anaz'),
('JB /11/2020/00424', 'L001', 100000, 1, 100000, 'MR Joe'),
('JB /11/2020/00425', 'L024', 80000, 1, 80000, 'Mr Anaz'),
('JB /11/2020/00425', 'L024', 80000, 1, 80000, 'MR Joe'),
('JB /11/2020/00425', 'L025', 60000, 1, 60000, 'MR Joe'),
('JB /11/2020/00426', 'L024', 80000, 1, 80000, 'Mr Rizky'),
('JB /11/2020/00427', 'L024', 80000, 1, 80000, 'MR Joe'),
('JB /11/2020/00428', 'L032', 80000, 1, 80000, 'sarah'),
('JB /11/2020/00430', 'L024', 80000, 1, 80000, 'Mr Anaz'),
('JB /11/2020/00431', 'L008', 60000, 1, 60000, 'Mr Rizky'),
('JB /11/2020/00431', 'L031', 70000, 1, 70000, 'sarah'),
('JB /11/2020/00432', 'L024', 80000, 1, 80000, 'Mr Rizky'),
('JB /11/2020/00432', 'L025', 60000, 1, 60000, 'Mr Anaz'),
('JB /11/2020/00433', 'L024', 80000, 1, 80000, 'MR Joe'),
('JB /11/2020/00433', 'L050', 45000, 1, 45000, 'MR Joe'),
('JB /11/2020/00434', 'L025', 60000, 1, 60000, 'Mr Anaz'),
('JB /11/2020/00435', 'L024', 80000, 1, 80000, 'Mr Anaz'),
('JB /11/2020/00437', 'L024', 80000, 1, 80000, 'Mr Anaz'),
('JB /11/2020/00438', 'L024', 80000, 1, 80000, 'MR Joe'),
('JB /11/2020/00441', 'L001', 100000, 1, 100000, 'Mr Anaz'),
('JB /11/2020/00442', 'L024', 80000, 1, 80000, 'Mr Rizky'),
('JB /11/2020/00443', 'L024', 80000, 1, 80000, 'MR Joe'),
('JB /11/2020/00443', 'L025', 60000, 1, 60000, 'Mr Anaz'),
('JB /11/2020/00444', 'L024', 80000, 1, 80000, 'MR Joe'),
('JB /11/2020/00445', 'L024', 80000, 1, 80000, 'Mr Anaz'),
('JB /11/2020/00445', 'L031', 70000, 1, 70000, 'sarah'),
('JB /11/2020/00446', 'L024', 80000, 1, 80000, 'Mr Anaz'),
('JB /11/2020/00446', 'L025', 60000, 1, 60000, 'Mr Anaz'),
('JB /11/2020/00447', 'L024', 80000, 1, 80000, 'Mr Anaz'),
('JB /11/2020/00448', 'L024', 80000, 1, 80000, 'MR Joe'),
('JB /11/2020/00449', 'L024', 80000, 1, 80000, 'Mr Anaz'),
('JB /11/2020/00451', 'L024', 80000, 1, 80000, 'MR Joe'),
('JB /11/2020/00451', 'L030', 5000, 1, 5000, 'MR Joe'),
('JB /11/2020/00452', 'L024', 80000, 1, 80000, 'MR Joe'),
('JB /11/2020/00453', 'L024', 80000, 1, 80000, 'MR Joe'),
('JB /11/2020/00455', 'L024', 80000, 1, 80000, 'Mr Anaz'),
('JB /11/2020/00456', 'L024', 80000, 1, 80000, 'Mr Rizky'),
('JB /11/2020/00457', 'L024', 80000, 1, 80000, 'Mr Anaz'),
('JB /11/2020/00458', 'L024', 80000, 1, 80000, 'Mr Anaz'),
('JB /11/2020/00459', 'L024', 80000, 1, 80000, 'Mr Anaz'),
('JB /11/2020/00460', 'L024', 80000, 1, 80000, 'MR Joe'),
('JB /11/2020/00462', 'L024', 80000, 1, 80000, 'Mr Rizky'),
('JB /11/2020/00466', 'L025', 60000, 1, 60000, 'Mr Anaz'),
('JB /11/2020/00467', 'L024', 80000, 1, 80000, 'MR Joe'),
('JB /11/2020/00469', 'L004', 150000, 1, 150000, 'Mr Anaz'),
('JB /11/2020/00470', 'L024', 80000, 1, 80000, 'Mr Rizky'),
('JB /11/2020/00471', 'L024', 80000, 1, 80000, 'MR Joe'),
('JB /11/2020/00472', 'L024', 80000, 1, 80000, 'Mr Anaz'),
('JB /11/2020/00473', 'L024', 80000, 1, 80000, 'MR Joe'),
('JB /11/2020/00473', 'L043', 45000, 1, 45000, 'MR Joe'),
('JB /11/2020/00474', 'L024', 80000, 1, 80000, 'Mr Rizky'),
('JB /11/2020/00475', 'L024', 80000, 1, 80000, 'MR Joe'),
('JB /11/2020/00476', 'L024', 80000, 1, 80000, 'Mr Anaz'),
('JB /11/2020/00476', 'L030', 5000, 1, 5000, 'Mr Anaz'),
('JB /11/2020/00477', 'L024', 80000, 1, 80000, 'Mr Anaz'),
('JB /11/2020/00477', 'L025', 60000, 1, 60000, 'MR Joe'),
('JB /11/2020/00478', 'L024', 80000, 1, 80000, 'Mr Rizky'),
('JB /11/2020/00479', 'L024', 80000, 1, 80000, 'MR Joe'),
('JB /11/2020/00480', 'L024', 80000, 1, 80000, 'Mr Rizky'),
('JB /11/2020/00482', 'L024', 80000, 1, 80000, 'MR Joe'),
('JB /11/2020/00483', 'L024', 80000, 1, 80000, 'Mr Anaz'),
('JB /11/2020/00484', 'L024', 80000, 1, 80000, 'Mr Rizky'),
('JB /11/2020/00484', 'L026', 150000, 1, 150000, 'Mr Rizky'),
('JB /11/2020/00484', 'L024', 80000, 1, 80000, 'MR Joe'),
('JB /11/2020/00485', 'L024', 80000, 1, 80000, 'Mr Anaz'),
('JB /11/2020/00487', 'L024', 80000, 1, 80000, 'MR Joe'),
('JB /11/2020/00490', 'L024', 80000, 1, 80000, 'Mr Anaz'),
('JB /11/2020/00491', 'L024', 80000, 1, 80000, 'MR Joe'),
('JB /11/2020/00492', 'L024', 80000, 1, 80000, 'MR Joe'),
('JB /11/2020/00492', 'L058', 350000, 1, 350000, 'MR Joe'),
('JB /11/2020/00493', 'L025', 60000, 1, 60000, 'MR Joe'),
('JB /11/2020/00493', 'L001', 100000, 1, 100000, 'Mr Anaz'),
('JB /11/2020/00493', 'L004', 150000, 1, 150000, 'Mr Rizky'),
('JB /11/2020/00494', 'L001', 100000, 1, 100000, 'Mr Anaz'),
('JB /11/2020/00494', 'L024', 80000, 1, 80000, 'MR Joe'),
('JB /11/2020/00495', 'L024', 80000, 1, 80000, 'MR Joe'),
('JB /11/2020/00496', 'L024', 80000, 1, 80000, 'Mr Anaz'),
('JB /11/2020/00497', 'L024', 80000, 1, 80000, 'Mr Rizky'),
('JB /11/2020/00498', 'L024', 80000, 1, 80000, 'Mr Anaz'),
('JB /11/2020/00499', 'L024', 80000, 1, 80000, 'Mr Anaz'),
('JB /11/2020/00499', 'L031', 70000, 1, 70000, 'sarah'),
('JB /11/2020/00500', 'L024', 80000, 1, 80000, 'MR Joe'),
('JB /11/2020/00500', 'L026', 150000, 1, 150000, 'MR Joe'),
('JB /11/2020/00501', 'L018', 400000, 1, 400000, 'MR Joe'),
('JB /11/2020/00503', 'L025', 60000, 1, 60000, 'Mr Anaz'),
('JB /11/2020/00504', 'L031', 70000, 1, 70000, 'sarah'),
('JB /11/2020/00508', 'L024', 80000, 1, 80000, 'Mr Anaz'),
('JB /11/2020/00510', 'L024', 80000, 2, 160000, 'Mr Anaz'),
('JB /11/2020/00511', 'L024', 80000, 1, 80000, 'MR Joe'),
('JB /11/2020/00511', 'L030', 5000, 1, 5000, 'MR Joe'),
('JB /11/2020/00512', 'L024', 80000, 1, 80000, 'Mr Anaz'),
('JB /11/2020/00514', 'L024', 80000, 1, 80000, 'Mr Rizky'),
('JB /11/2020/00515', 'L024', 80000, 1, 80000, 'Mr Anaz'),
('JB /11/2020/00516', 'L024', 80000, 1, 80000, 'Mr Anaz'),
('JB /11/2020/00517', 'L024', 80000, 1, 80000, 'Mr Anaz'),
('JB /11/2020/00517', 'L031', 70000, 1, 70000, 'sarah'),
('JB /11/2020/00517', 'L050', 45000, 1, 45000, 'sarah'),
('JB /11/2020/00517', 'L051', 45000, 1, 45000, 'sarah'),
('JB /11/2020/00519', 'L024', 80000, 1, 80000, 'Mr Rizky'),
('JB /11/2020/00520', 'L001', 100000, 1, 100000, 'Mr Rizky'),
('JB /11/2020/00520', 'L025', 60000, 1, 60000, 'MR Joe'),
('JB /11/2020/00520', 'L042', 35000, 1, 35000, 'sarah'),
('JB /11/2020/00521', 'L004', 150000, 1, 150000, 'MR Joe'),
('JB /11/2020/00521', 'L024', 80000, 1, 80000, 'MR Joe'),
('JB /11/2020/00521', 'L024', 80000, 1, 80000, 'Mr Rizky'),
('JB /11/2020/00521', 'L024', 80000, 1, 80000, 'Mr Anaz'),
('JB /11/2020/00521', 'L033', 100000, 2, 200000, 'Mr Rizky'),
('JB /11/2020/00521', 'L034', 120000, 1, 120000, 'Khusnul'),
('JB /11/2020/00521', 'L045', 80000, 1, 80000, 'Khusnul'),
('JB /11/2020/00521', 'L049', 50000, 1, 50000, 'MR Joe'),
('JB /11/2020/00522', 'L018', 400000, 1, 400000, 'MR Joe'),
('JB /11/2020/00522', 'L046', 100000, 1, 100000, 'sarah'),
('JB /11/2020/00522', 'L007', 60000, 1, 60000, 'sarah'),
('JB /11/2020/00525', 'L024', 80000, 1, 80000, 'Mr Anaz'),
('JB /11/2020/00526', 'L024', 80000, 1, 80000, 'Mr Anaz'),
('JB /11/2020/00526', 'L030', 5000, 1, 5000, 'Mr Anaz'),
('JB /11/2020/00527', 'L024', 80000, 1, 80000, 'Mr Anaz'),
('JB /11/2020/00528', 'L024', 80000, 1, 80000, 'MR Joe'),
('JB /11/2020/00529', 'L031', 70000, 1, 70000, 'sarah'),
('JB /11/2020/00529', 'L034', 120000, 1, 120000, 'Mr Rizky'),
('JB /11/2020/00529', 'L007', 60000, 1, 60000, 'Mr Rizky'),
('JB /11/2020/00530', 'L041', 450000, 1, 450000, 'MR Joe'),
('JB /11/2020/00531', 'L001', 100000, 1, 100000, 'Mr Anaz'),
('JB /11/2020/00532', 'L025', 60000, 1, 60000, 'Mr Anaz'),
('JB /11/2020/00533', 'L024', 80000, 1, 80000, 'Mr Anaz'),
('JB /11/2020/00534', 'L024', 80000, 1, 80000, 'Mr Anaz'),
('JB /11/2020/00535', 'L024', 80000, 1, 80000, 'Mr Rizky'),
('JB /11/2020/00536', 'L032', 80000, 1, 80000, 'sarah'),
('JB /11/2020/00537', 'L024', 80000, 1, 80000, 'Mr Rizky'),
('JB /11/2020/00538', 'L032', 80000, 1, 80000, 'Khusnul'),
('JB /11/2020/00538', 'L024', 80000, 1, 80000, 'Mr Rizky'),
('JB /11/2020/00539', 'L024', 80000, 1, 80000, 'MR Joe'),
('JB /11/2020/00539', 'L025', 60000, 1, 60000, 'MR Joe'),
('JB /11/2020/00541', 'L024', 80000, 1, 80000, 'MR Joe'),
('JB /11/2020/00541', 'L025', 60000, 1, 60000, 'MR Joe'),
('JB /11/2020/00542', 'L024', 80000, 1, 80000, 'Mr Anaz'),
('JB /11/2020/00542', 'L008', 60000, 1, 60000, 'sarah'),
('JB /11/2020/00543', 'L032', 80000, 1, 80000, 'sarah'),
('JB /11/2020/00543', 'L024', 80000, 1, 80000, 'Mr Anaz'),
('JB /11/2020/00543', 'L031', 70000, 1, 70000, 'Mr Rizky'),
('JB /11/2020/00544', 'L025', 60000, 1, 60000, 'MR Joe'),
('JB /11/2020/00545', 'L024', 80000, 1, 80000, 'Mr Anaz'),
('JB /11/2020/00546', 'L024', 80000, 1, 80000, 'Mr Anaz'),
('JB /11/2020/00547', 'L024', 80000, 1, 80000, 'MR Joe'),
('JB /11/2020/00548', 'L025', 60000, 2, 120000, 'MR Joe'),
('JB /11/2020/00549', 'L024', 80000, 1, 80000, 'Mr Anaz'),
('JB /11/2020/00549', 'L031', 70000, 1, 70000, 'Adisty'),
('JB /11/2020/00550', 'L024', 80000, 1, 80000, 'MR Joe'),
('JB /11/2020/00550', 'L030', 5000, 1, 5000, 'MR Joe'),
('JB /11/2020/00551', 'L024', 80000, 1, 80000, 'Mr Anaz'),
('JB /11/2020/00552', 'L004', 150000, 1, 150000, 'MR Joe'),
('JB /11/2020/00552', 'L024', 80000, 1, 80000, 'MR Joe'),
('JB /11/2020/00553', 'L024', 80000, 1, 80000, 'MR Joe'),
('JB /11/2020/00553', 'L024', 80000, 2, 160000, 'Mr Anaz'),
('JB /11/2020/00553', 'L031', 70000, 1, 70000, 'sarah'),
('JB /11/2020/00553', 'L031', 70000, 1, 70000, 'Adisty'),
('JB /11/2020/00553', 'L031', 70000, 1, 70000, 'Khusnul'),
('JB /11/2020/00555', 'L024', 80000, 1, 80000, 'MR Joe'),
('JB /11/2020/00555', 'L024', 80000, 1, 80000, 'Mr Anaz'),
('JB /11/2020/00555', 'L031', 70000, 1, 70000, 'Adisty'),
('JB /11/2020/00556', 'L031', 70000, 1, 70000, 'Adisty'),
('JB /11/2020/00557', 'L024', 80000, 1, 80000, 'Mr Anaz'),
('JB /11/2020/00559', 'L024', 80000, 1, 80000, 'Mr Anaz'),
('JB /11/2020/00559', 'L032', 80000, 1, 80000, 'Adisty'),
('JB /11/2020/00560', 'L024', 80000, 1, 80000, 'Mr Anaz'),
('JB /11/2020/00560', 'L043', 45000, 1, 45000, 'Mr Anaz'),
('JB /11/2020/00560', 'L031', 70000, 1, 70000, 'sarah'),
('JB /11/2020/00561', 'L024', 80000, 1, 80000, 'MR Joe'),
('JB /11/2020/00563', 'L024', 80000, 1, 80000, 'Mr Rizky'),
('JB /11/2020/00563', 'L031', 70000, 1, 70000, 'sarah'),
('JB /11/2020/00564', 'L024', 80000, 1, 80000, 'MR Joe'),
('JB /11/2020/00565', 'L024', 80000, 1, 80000, 'Mr Rizky'),
('JB /11/2020/00566', 'L024', 80000, 1, 80000, 'Mr Anaz'),
('JB /11/2020/00567', 'L030', 5000, 1, 5000, 'Mr Anaz'),
('JB /11/2020/00568', 'L024', 80000, 1, 80000, 'Mr Rizky'),
('JB /11/2020/00569', 'L024', 80000, 1, 80000, 'MR Joe'),
('JB /11/2020/00569', 'L031', 70000, 1, 70000, 'sarah'),
('JB /11/2020/00570', 'L024', 80000, 2, 160000, 'Mr Anaz'),
('JB /11/2020/00570', 'L024', 80000, 2, 160000, 'MR Joe'),
('JB /11/2020/00571', 'L024', 80000, 1, 80000, 'Mr Rizky'),
('JB /11/2020/00573', 'L025', 60000, 1, 60000, 'Mr Anaz'),
('JB /11/2020/00574', 'L024', 80000, 1, 80000, 'MR Joe'),
('JB /11/2020/00575', 'L024', 80000, 1, 80000, 'Mr Anaz'),
('JB /11/2020/00576', 'L024', 80000, 1, 80000, 'MR Joe'),
('JB /11/2020/00576', 'L030', 5000, 1, 5000, 'MR Joe'),
('JB /11/2020/00577', 'L024', 80000, 1, 80000, 'Mr Rizky'),
('JB /11/2020/00577', 'L026', 150000, 1, 150000, 'Mr Rizky'),
('JB /11/2020/00578', 'L024', 80000, 1, 80000, 'MR Joe'),
('JB /11/2020/00579', 'L025', 60000, 1, 60000, 'Mr Anaz'),
('JB /11/2020/00579', 'L024', 80000, 1, 80000, 'Mr Rizky'),
('JB /11/2020/00582', 'L024', 80000, 1, 80000, 'Mr Anaz'),
('JB /11/2020/00583', 'L001', 100000, 1, 100000, 'MR Joe'),
('JB /11/2020/00584', 'L024', 80000, 1, 80000, 'Mr Anaz'),
('JB /11/2020/00585', 'L024', 80000, 1, 80000, 'MR Joe'),
('JB /11/2020/00585', 'L043', 45000, 1, 45000, 'MR Joe'),
('JB /11/2020/00585', 'L031', 70000, 1, 70000, 'Adisty'),
('JB /11/2020/00585', 'L034', 120000, 1, 120000, 'sarah'),
('JB /11/2020/00585', 'L008', 60000, 1, 60000, 'Mr Rizky'),
('JB /11/2020/00587', 'L046', 100000, 1, 100000, 'sarah'),
('JB /11/2020/00589', 'L024', 80000, 1, 80000, 'MR Joe'),
('JB /11/2020/00590', 'L024', 80000, 1, 80000, 'Mr Anaz'),
('JB /11/2020/00590', 'L043', 45000, 1, 45000, 'Mr Anaz'),
('JB /11/2020/00590', 'L031', 70000, 1, 70000, 'sarah'),
('JB /11/2020/00591', 'L024', 80000, 1, 80000, 'Mr Anaz'),
('JB /11/2020/00591', 'L031', 70000, 1, 70000, 'Adisty'),
('JB /11/2020/00591', 'L043', 45000, 1, 45000, 'Adisty'),
('JB /11/2020/00592', 'L004', 150000, 1, 150000, 'MR Joe'),
('JB /11/2020/00592', 'L024', 80000, 1, 80000, 'MR Joe'),
('JB /11/2020/00592', 'L024', 80000, 1, 80000, 'Mr Anaz'),
('JB /11/2020/00594', 'L024', 80000, 1, 80000, 'Mr Anaz'),
('JB /11/2020/00594', 'L026', 150000, 1, 150000, 'Mr Anaz'),
('JB /11/2020/00596', 'L024', 80000, 1, 80000, 'Mr Anaz'),
('JB /11/2020/00597', 'L024', 80000, 1, 80000, 'Mr Rizky'),
('JB /11/2020/00598', 'L024', 80000, 1, 80000, 'MR Joe'),
('JB /11/2020/00599', 'L024', 80000, 1, 80000, 'Mr Anaz'),
('JB /11/2020/00600', 'L024', 80000, 1, 80000, 'MR Joe'),
('JB /11/2020/00600', 'L031', 70000, 1, 70000, 'sarah'),
('JB /11/2020/00601', 'L024', 80000, 1, 80000, 'Mr Anaz'),
('JB /11/2020/00602', 'L039', 900000, 1, 900000, 'MR Joe'),
('JB /11/2020/00602', 'L008', 60000, 1, 60000, 'Mr Rizky'),
('JB /11/2020/00602', 'L032', 80000, 1, 80000, 'Adisty'),
('JB /11/2020/00603', 'L024', 80000, 1, 80000, 'MR Joe'),
('JB /11/2020/00606', 'L027', 150000, 2, 300000, 'Mr Rizky'),
('JB /11/2020/00606', 'L027', 150000, 1, 150000, 'Mr Anaz'),
('JB /11/2020/00606', 'L024', 80000, 1, 80000, 'Mr Anaz'),
('JB /11/2020/00608', 'L024', 80000, 1, 80000, 'Mr Rizky'),
('JB /11/2020/00609', 'L024', 80000, 1, 80000, 'Mr Anaz'),
('JB /11/2020/00609', 'L025', 60000, 1, 60000, 'MR Joe'),
('JB /11/2020/00610', 'L024', 80000, 1, 80000, 'MR Joe'),
('JB /11/2020/00610', 'L025', 60000, 1, 60000, 'MR Joe'),
('JB /11/2020/00610', 'L001', 100000, 1, 100000, 'Mr Rizky'),
('JB /11/2020/00612', 'L024', 80000, 1, 80000, 'Mr Anaz'),
('JB /11/2020/00613', 'L024', 80000, 1, 80000, 'Mr Anaz'),
('JB /11/2020/00614', 'L042', 35000, 1, 35000, 'Mr Rizky'),
('JB /11/2020/00615', 'L001', 100000, 1, 100000, 'Mr Rizky'),
('JB /11/2020/00616', 'L031', 70000, 1, 70000, 'sarah'),
('JB /11/2020/00616', 'L054', 110000, 1, 110000, 'sarah'),
('JB /11/2020/00616', 'L024', 80000, 1, 80000, 'MR Joe'),
('JB /11/2020/00616', 'L038', 700000, 1, 700000, 'MR Joe'),
('JB /11/2020/00616', 'L026', 150000, 1, 150000, 'MR Joe'),
('JB /11/2020/00617', 'L024', 80000, 1, 80000, 'Mr Anaz'),
('JB /11/2020/00619', 'L024', 80000, 1, 80000, 'Mr Anaz'),
('JB /11/2020/00620', 'L024', 80000, 1, 80000, 'Mr Anaz'),
('JB /11/2020/00621', 'L024', 80000, 1, 80000, 'Mr Anaz'),
('JB /11/2020/00622', 'L024', 80000, 1, 80000, 'Mr Rizky'),
('JB /11/2020/00622', 'L031', 70000, 1, 70000, 'Adisty'),
('JB /11/2020/00623', 'L024', 80000, 1, 80000, 'Mr Rizky'),
('JB /11/2020/00623', 'L025', 60000, 1, 60000, 'MR Joe'),
('JB /11/2020/00624', 'L024', 80000, 1, 80000, 'Mr Rizky'),
('JB /11/2020/00625', 'L024', 80000, 1, 80000, 'Mr Anaz'),
('JB /11/2020/00625', 'L026', 150000, 1, 150000, 'Mr Anaz'),
('JB /11/2020/00626', 'L024', 80000, 1, 80000, 'MR Joe'),
('JB /12/2020/00627', 'L024', 80000, 1, 80000, 'Mr Anaz'),
('JB /12/2020/00628', 'L024', 80000, 1, 80000, 'Mr Anaz'),
('JB /12/2020/00629', 'L024', 80000, 1, 80000, 'Mr Anaz'),
('JB /12/2020/00630', 'L024', 80000, 1, 80000, 'Mr Rizky'),
('JB /12/2020/00631', 'L024', 80000, 1, 80000, 'MR Joe'),
('JB /12/2020/00631', 'L031', 70000, 1, 70000, 'Adisty'),
('JB /12/2020/00634', 'L024', 80000, 1, 80000, 'MR Joe'),
('JB /12/2020/00634', 'L031', 70000, 1, 70000, 'sarah'),
('JB /12/2020/00635', 'L024', 80000, 1, 80000, 'Mr Rizky'),
('JB /12/2020/00637', 'L024', 80000, 1, 80000, 'MR Joe'),
('JB /12/2020/00638', 'L004', 150000, 1, 150000, 'Mr Anaz'),
('JB /12/2020/00638', 'L032', 80000, 1, 80000, 'sarah'),
('JB /12/2020/00638', 'L024', 80000, 1, 80000, 'Mr Rizky'),
('JB /12/2020/00638', 'L031', 70000, 1, 70000, 'Adisty'),
('JB /12/2020/00639', 'L024', 80000, 1, 80000, 'Mr Anaz'),
('JB /12/2020/00642', 'L001', 100000, 1, 100000, 'MR Joe'),
('JB /12/2020/00642', 'L004', 150000, 1, 150000, 'MR Joe'),
('JB /12/2020/00645', 'L025', 60000, 1, 60000, 'Mr Rizky'),
('JB /12/2020/00646', 'L024', 80000, 1, 80000, 'Mr Anaz'),
('JB /12/2020/00647', 'L024', 80000, 1, 80000, 'MR Joe'),
('JB /12/2020/00648', 'L024', 80000, 1, 80000, 'Mr Rizky'),
('JB /12/2020/00648', 'L024', 80000, 2, 160000, 'MR Joe'),
('JB /12/2020/00648', 'L025', 60000, 1, 60000, 'Mr Anaz'),
('JB /12/2020/00648', 'L031', 70000, 1, 70000, 'Adisty'),
('JB /12/2020/00648', 'L031', 70000, 2, 140000, 'sarah'),
('JB /12/2020/00648', 'L031', 70000, 1, 70000, 'Khusnul'),
('JB /12/2020/00650', 'L025', 60000, 1, 60000, 'Mr Anaz'),
('JB /12/2020/00651', 'L024', 80000, 1, 80000, 'Mr Anaz'),
('JB /12/2020/00652', 'L024', 80000, 1, 80000, 'MR Joe'),
('JB /12/2020/00654', 'L005', 35000, 1, 35000, 'Mr Rizky'),
('JB /01/2021/00655', 'L006', 70000, 1, 70000, 'Mr Rizky');

-- --------------------------------------------------------

--
-- Table structure for table `fee`
--

CREATE TABLE `fee` (
  `PEGAWAI` varchar(20) NOT NULL,
  `TGL` date NOT NULL,
  `BULAN` varchar(20) NOT NULL,
  `OMZET` int(11) NOT NULL,
  `TRANSLAYAN` int(11) NOT NULL,
  `PRODUK` int(11) NOT NULL,
  `TRANSPRODUK` int(50) NOT NULL,
  `FEEPRODUK` int(11) NOT NULL,
  `FEELAYAN` int(11) NOT NULL,
  `TOTAL` int(11) NOT NULL
) ENGINE=InnoDB DEFAULT CHARSET=latin1;

--
-- Dumping data for table `fee`
--

INSERT INTO `fee` (`PEGAWAI`, `TGL`, `BULAN`, `OMZET`, `TRANSLAYAN`, `PRODUK`, `TRANSPRODUK`, `FEEPRODUK`, `FEELAYAN`, `TOTAL`) VALUES
('Mr Rizky', '2020-11-29', '11', 7810000, 92, 835000, 5, 75000, 3124000, 3199000),
('MR Joe', '2020-11-30', '10', 6745000, 87, 0, 0, 0, 2698000, 2698000),
('MR Joe', '2020-11-30', '11', 17070000, 165, 2265000, 14, 210000, 6828000, 7038000),
('Mr Anaz', '2020-11-30', '11', 13315000, 166, 2280000, 13, 195000, 5326000, 5521000),
('Mr Rizky', '2020-11-30', '10', 3945000, 51, 0, 0, 0, 1578000, 1578000),
('Mr Rizky', '2020-11-30', '11', 8185000, 97, 835000, 5, 75000, 3274000, 3349000),
('Adisty', '2021-01-11', '', 905000, 13, 0, 0, 0, 135750, 135750);

-- --------------------------------------------------------

--
-- Table structure for table `jual`
--

CREATE TABLE `jual` (
  `IDJUAL` varchar(100) NOT NULL,
  `USERID` varchar(50) NOT NULL,
  `NOHP` varchar(100) NOT NULL,
  `TANGGAL` date NOT NULL,
  `JAM` time NOT NULL,
  `BIAYA` varchar(11) NOT NULL
) ENGINE=InnoDB DEFAULT CHARSET=latin1;

--
-- Dumping data for table `jual`
--

INSERT INTO `jual` (`IDJUAL`, `USERID`, `NOHP`, `TANGGAL`, `JAM`, `BIAYA`) VALUES
('JB /01/2021/00655', 'BB04', '08115350389', '2021-01-04', '10:12:03', '70,000'),
('JB /10/2020/00003', 'BB04', '082151089922', '2020-10-21', '10:05:33', '80.000'),
('JB /10/2020/00004', 'BB04', '08125500882', '2020-10-21', '10:06:22', '80.000'),
('JB /10/2020/00005', 'BB04', '08125519878', '2020-10-21', '10:07:17', '80.000'),
('JB /10/2020/00006', 'BB04', '082251366180', '2020-10-21', '10:08:15', '80.000'),
('JB /10/2020/00007', 'BB04', '082148722289', '2020-10-21', '10:10:11', '80.000'),
('JB /10/2020/00008', 'BB04', '08115591188', '2020-10-21', '10:10:59', '80.000'),
('JB /10/2020/00009', 'BB04', '08115840055', '2020-10-21', '10:12:38', '80.000'),
('JB /10/2020/00010', 'BB04', '081346595678', '2020-10-21', '10:13:26', '80.000'),
('JB /10/2020/00011', 'BB04', '081284933333', '2020-10-21', '10:16:53', '160.000'),
('JB /10/2020/00012', 'BB04', '082227276966', '2020-10-21', '10:17:42', '80.000'),
('JB /10/2020/00013', 'BB04', '081254299968', '2020-10-21', '10:18:36', '80.000'),
('JB /10/2020/00014', 'BB04', '082153982637', '2020-10-21', '10:20:27', '80.000'),
('JB /10/2020/00015', 'BB04', '081260905831', '2020-10-21', '10:23:47', '140.000'),
('JB /10/2020/00016', 'BB04', '08115535567', '2020-10-21', '10:24:35', '80.000'),
('JB /10/2020/00017', 'BB04', '08125520028', '2020-10-21', '10:25:27', '80.000'),
('JB /10/2020/00018', 'BB04', '08125520028', '2020-10-21', '10:26:25', '80.000'),
('JB /10/2020/00020', 'BB04', '08125883226', '2020-10-21', '10:32:19', '140.000'),
('JB /10/2020/00021', 'BB04', '081917500669', '2020-10-21', '10:33:43', '105.000'),
('JB /10/2020/00022', 'BB04', '082151999224', '2020-10-21', '10:34:34', '80.000'),
('JB /10/2020/00023', 'BB04', '082112212121', '2020-10-21', '10:35:20', '80.000'),
('JB /10/2020/00024', 'BB04', '08125520028', '2020-10-21', '10:36:13', '80.000'),
('JB /10/2020/00025', 'BB04', '085250531612', '2020-10-21', '10:37:25', '140.000'),
('JB /10/2020/00026', 'BB04', '085298282342', '2020-10-22', '13:42:14', '60.000'),
('JB /10/2020/00027', 'BB04', '082332188849', '2020-10-22', '13:42:51', '80.000'),
('JB /10/2020/00028', 'BB04', '081350267627', '2020-10-22', '13:43:28', '80.000'),
('JB /10/2020/00029', 'BB04', '085351789999', '2020-10-22', '13:44:15', '80.000'),
('JB /10/2020/00030', 'BB04', '08121399499', '2020-10-22', '13:48:05', '160.000'),
('JB /10/2020/00031', 'BB04', '0811580104', '2020-10-22', '13:48:43', '80.000'),
('JB /10/2020/00032', 'BB04', '081254303579', '2020-10-22', '13:49:16', '80.000'),
('JB /10/2020/00033', 'BB04', '085250270584', '2020-10-22', '13:49:54', '80.000'),
('JB /10/2020/00035', 'BB04', '082332644232', '2020-10-22', '13:51:58', '80.000'),
('JB /10/2020/00037', 'BB04', '082158070034', '2020-10-22', '13:53:40', '80.000'),
('JB /10/2020/00038', 'BB04', '082234284310', '2020-10-22', '13:59:16', '80.000'),
('JB /10/2020/00040', 'BB04', '085246477898', '2020-10-23', '20:23:22', '80.000'),
('JB /10/2020/00041', 'BB04', '08195050528', '2020-10-23', '20:24:35', '35.000'),
('JB /10/2020/00042', 'BB04', '081351633270', '2020-10-23', '20:25:49', '80.000'),
('JB /10/2020/00043', 'BB04', '15187509868', '2020-10-23', '20:26:30', '80.000'),
('JB /10/2020/00044', 'BB04', '082157179094', '2020-10-23', '20:27:34', '80.000'),
('JB /10/2020/00045', 'BB04', '08125520028', '2020-10-23', '20:28:41', '80.000'),
('JB /10/2020/00046', 'BB04', '081350476024', '2020-10-23', '20:32:48', '85.000'),
('JB /10/2020/00047', 'BB04', '081347959555', '2020-10-23', '20:34:00', '80.000'),
('JB /10/2020/00048', 'BB04', '08195050528', '2020-10-23', '23:34:14', '35.000'),
('JB /10/2020/00049', 'BB04', '085246477898', '2020-10-23', '23:35:23', '80.000'),
('JB /10/2020/00050', 'BB04', '081219671389', '2020-10-23', '23:36:33', '80.000'),
('JB /10/2020/00051', 'BB04', '081347810696', '2020-10-23', '23:37:20', '80.000'),
('JB /10/2020/00052', 'BB04', '081219671389', '2020-10-23', '23:38:02', '80.000'),
('JB /10/2020/00053', 'BB04', '085246477898', '2020-10-23', '23:38:54', '80.000'),
('JB /10/2020/00054', 'BB04', '081917500669', '2020-10-23', '23:40:02', '80.000'),
('JB /10/2020/00055', 'BB04', '08125520028', '2020-10-23', '23:41:26', '140.000'),
('JB /10/2020/00056', 'BB04', '081348002572', '2020-10-23', '23:42:11', '80.000'),
('JB /10/2020/00057', 'BB04', '082253929878', '2020-10-23', '23:42:48', '80.000'),
('JB /10/2020/00058', 'BB04', '085250000505', '2020-10-24', '23:44:48', '80.000'),
('JB /10/2020/00059', 'BB04', '08115556688', '2020-10-24', '23:45:26', '80.000'),
('JB /10/2020/00060', 'BB04', '08125519850', '2020-10-24', '23:45:57', '80.000'),
('JB /10/2020/00061', 'BB04', '081234535199', '2020-10-24', '23:46:41', '80.000'),
('JB /10/2020/00062', 'BB04', '081212219944', '2020-10-24', '23:48:11', '80.000'),
('JB /10/2020/00063', 'BB04', '085250264364', '2020-10-24', '23:48:55', '80.000'),
('JB /10/2020/00064', 'BB04', '082156366722', '2020-10-24', '23:49:31', '80.000'),
('JB /10/2020/00065', 'BB04', '082251801477', '2020-10-24', '23:50:00', '80.000'),
('JB /10/2020/00066', 'BB04', '082251801477', '2020-10-24', '23:50:48', '80.000'),
('JB /10/2020/00067', 'BB04', '081254991133', '2020-10-24', '23:52:37', '85.000'),
('JB /10/2020/00068', 'BB04', '082346283964', '2020-10-24', '23:53:10', '80.000'),
('JB /10/2020/00069', 'BB04', '082217405046', '2020-10-24', '23:53:42', '80.000'),
('JB /10/2020/00070', 'BB04', '081252844444', '2020-10-24', '23:54:11', '80.000'),
('JB /10/2020/00071', 'BB04', '082210781177', '2020-10-24', '23:54:56', '85.000'),
('JB /10/2020/00072', 'BB04', '082113257214', '2020-10-24', '23:55:37', '80.000'),
('JB /10/2020/00073', 'BB04', '081349557223', '2020-10-24', '23:56:02', '80.000'),
('JB /10/2020/00074', 'BB04', '08125532718', '2020-10-24', '23:56:40', '80.000'),
('JB /10/2020/00075', 'BB04', '0811558356', '2020-10-24', '23:57:12', '80.000'),
('JB /10/2020/00076', 'BB04', '081347507980', '2020-10-26', '00:01:25', '80.000'),
('JB /10/2020/00078', 'BB04', '082255518991', '2020-10-26', '00:04:17', '80.000'),
('JB /10/2020/00080', 'BB04', '081347507980', '2020-10-26', '00:09:27', '80.000'),
('JB /10/2020/00081', 'BB04', '082116237888', '2020-10-26', '00:09:54', '80.000'),
('JB /10/2020/00082', 'BB04', '082255518991', '2020-10-26', '00:10:39', '80.000'),
('JB /10/2020/00083', 'BB04', '082190201834', '2020-10-26', '00:11:18', '80.000'),
('JB /10/2020/00084', 'BB04', '081347507980', '2020-10-26', '00:12:02', '80.000'),
('JB /10/2020/00085', 'BB04', '082116237888', '2020-10-26', '00:12:34', '80.000'),
('JB /10/2020/00086', 'BB04', '081347507980', '2020-10-26', '00:14:34', '80.000'),
('JB /10/2020/00087', 'BB04', '082116237888', '2020-10-26', '00:15:35', '230.000'),
('JB /10/2020/00088', 'BB04', '082255518991', '2020-10-26', '00:16:17', '80.000'),
('JB /10/2020/00089', 'BB04', '0811555769', '2020-10-26', '00:17:36', '80.000'),
('JB /10/2020/00090', 'BB04', '082172556022', '2020-10-26', '00:18:05', '80.000'),
('JB /10/2020/00091', 'BB04', '081347507980', '2020-10-26', '00:19:20', '80.000'),
('JB /10/2020/00092', 'BB04', '082116237888', '2020-10-26', '00:19:59', '80.000'),
('JB /10/2020/00093', 'BB04', '0811555769', '2020-10-25', '00:50:20', '220.000'),
('JB /10/2020/00094', 'BB04', '082172556022', '2020-10-25', '00:50:56', '80.000'),
('JB /10/2020/00095', 'BB04', '081347507980', '2020-10-25', '00:51:37', '80.000'),
('JB /10/2020/00096', 'BB04', '082116237888', '2020-10-25', '00:52:10', '80.000'),
('JB /10/2020/00097', 'BB04', '082255518991', '2020-10-25', '00:52:43', '80.000'),
('JB /10/2020/00098', 'BB04', '082190201834', '2020-10-25', '00:53:26', '80.000'),
('JB /10/2020/00099', 'BB04', '0811555769', '2020-10-25', '00:54:01', '80.000'),
('JB /10/2020/00100', 'BB04', '082172556022', '2020-10-25', '00:54:30', '80.000'),
('JB /10/2020/00101', 'BB04', '081347507980', '2020-10-25', '00:55:04', '80.000'),
('JB /10/2020/00102', 'BB04', '082116237888', '2020-10-25', '00:56:03', '80.000'),
('JB /10/2020/00103', 'BB04', '082255518991', '2020-10-25', '00:56:54', '80.000'),
('JB /10/2020/00104', 'BB04', '082190201834', '2020-10-25', '00:57:23', '80.000'),
('JB /10/2020/00105', 'BB04', '0811555769', '2020-10-25', '00:58:02', '80.000'),
('JB /10/2020/00106', 'BB04', '082172556022', '2020-10-25', '00:58:32', '80.000'),
('JB /10/2020/00107', 'BB04', '081347507980', '2020-10-25', '00:59:43', '85.000'),
('JB /10/2020/00108', 'BB04', '082116237888', '2020-10-25', '01:00:30', '85.000'),
('JB /10/2020/00109', 'BB04', '082255518991', '2020-10-25', '01:01:00', '80.000'),
('JB /10/2020/00110', 'BB04', '0811555769', '2020-10-25', '01:01:35', '80.000'),
('JB /10/2020/00111', 'BB04', '082172556022', '2020-10-25', '01:02:07', '80.000'),
('JB /10/2020/00112', 'BB04', '082172556022', '2020-10-25', '01:02:44', '5.000'),
('JB /10/2020/00113', 'BB04', '082190201834', '2020-10-25', '01:03:18', '80.000'),
('JB /10/2020/00114', 'BB04', '0811555769', '2020-10-25', '01:03:52', '80.000'),
('JB /10/2020/00115', 'BB04', '082172556022', '2020-10-25', '01:04:37', '80.000'),
('JB /10/2020/00116', 'BB04', '085345551282', '2020-10-27', '01:07:03', '80.000'),
('JB /10/2020/00117', 'BB04', '081254208689', '2020-10-27', '01:07:35', '80.000'),
('JB /10/2020/00118', 'BB04', '082250445372', '2020-10-27', '01:08:33', '80.000'),
('JB /10/2020/00119', 'BB04', '08122260020', '2020-10-27', '01:09:07', '80.000'),
('JB /10/2020/00120', 'BB04', '085252222200', '2020-10-27', '01:09:41', '80.000'),
('JB /10/2020/00122', 'BB04', '087810982339', '2020-10-27', '01:11:16', '60.000'),
('JB /10/2020/00123', 'BB04', '082255124372', '2020-10-27', '01:13:08', '80.000'),
('JB /10/2020/00124', 'BB04', '081347882229', '2020-10-27', '01:13:41', '80.000'),
('JB /10/2020/00125', 'BB04', '085349989277', '2020-10-27', '01:14:09', '80.000'),
('JB /10/2020/00126', 'BB04', '081210087044', '2020-10-27', '01:14:38', '80.000'),
('JB /10/2020/00127', 'BB04', '081350444284', '2020-10-27', '01:15:05', '80.000'),
('JB /10/2020/00129', 'BB04', '08125177774', '2020-10-27', '01:17:22', '80.000'),
('JB /10/2020/00130', 'BB04', '081347555760', '2020-10-27', '01:17:51', '80.000'),
('JB /10/2020/00131', 'BB04', '082220634994', '2020-10-27', '01:57:53', '80.000'),
('JB /10/2020/00132', 'BB04', '082220634994', '2020-10-27', '01:58:17', '80.000'),
('JB /10/2020/00133', 'BB04', '085345414177', '2020-10-27', '02:00:09', '165.000'),
('JB /10/2020/00134', 'BB04', '0812548874444', '2020-10-28', '02:02:40', '310.000'),
('JB /10/2020/00135', 'BB04', '082323959506', '2020-10-28', '02:03:13', '80.000'),
('JB /10/2020/00136', 'BB04', '081296999053', '2020-10-28', '02:03:40', '80.000'),
('JB /10/2020/00137', 'BB04', '087838911108', '2020-10-28', '02:04:15', '80.000'),
('JB /10/2020/00138', 'BB04', '0812548874444', '2020-10-28', '02:04:46', '80.000'),
('JB /10/2020/00140', 'BB04', '081296999053', '2020-10-28', '02:06:27', '80.000'),
('JB /10/2020/00141', 'BB04', '087810982339', '2020-10-28', '02:09:24', '60.000'),
('JB /10/2020/00142', 'BB04', '0812548874444', '2020-10-28', '02:10:05', '80.000'),
('JB /10/2020/00143', 'BB04', '082323959506', '2020-10-28', '02:10:36', '45.000'),
('JB /10/2020/00144', 'BB04', '081350267627', '2020-10-28', '02:15:19', '70.000'),
('JB /10/2020/00145', 'BB04', '08115591188', '2020-10-28', '02:16:10', '80.000'),
('JB /10/2020/00146', 'BB04', '081250185522', '2020-10-28', '02:16:46', '140.000'),
('JB /10/2020/00147', 'BB04', '081347555760', '2020-10-28', '02:17:22', '85.000'),
('JB /10/2020/00148', 'BB04', '081254299968', '2020-10-28', '02:17:47', '80.000'),
('JB /10/2020/00150', 'BB04', '082220634994', '2020-10-28', '02:18:44', '80.000'),
('JB /10/2020/00152', 'BB04', '081258281467', '2020-10-28', '02:19:36', '80.000'),
('JB /10/2020/00153', 'BB04', '081318904181', '2020-10-28', '02:20:04', '80.000'),
('JB /10/2020/00154', 'BB04', '08195050528', '2020-10-28', '02:20:30', '5.000'),
('JB /10/2020/00155', 'BB04', '0811558356', '2020-10-28', '02:22:06', '80.000'),
('JB /10/2020/00156', 'BB04', '08115556688', '2020-10-28', '02:24:04', '60.000'),
('JB /10/2020/00157', 'BB04', '081260905831', '2020-10-28', '02:24:34', '80.000'),
('JB /10/2020/00158', 'BB04', '082255135225', '2020-10-28', '02:25:16', '80.000'),
('JB /10/2020/00159', 'BB04', '082148590979', '2020-10-28', '02:25:45', '80.000'),
('JB /10/2020/00160', 'BB04', '0812548874444', '2020-10-28', '02:26:10', '80.000'),
('JB /10/2020/00161', 'BB04', '089570414915', '2020-10-28', '02:26:34', '80.000'),
('JB /10/2020/00162', 'BB04', '0811580104', '2020-10-28', '02:27:15', '20.000'),
('JB /10/2020/00163', 'BB04', '085745903333', '2020-10-28', '02:27:46', '70.000'),
('JB /10/2020/00164', 'BB04', '15187509868', '2020-10-28', '02:28:24', '70.000'),
('JB /10/2020/00165', 'BB04', '081338307902', '2020-10-28', '02:28:51', '80.000'),
('JB /10/2020/00166', 'BB04', '082156366722', '2020-10-28', '02:29:17', '70.000'),
('JB /10/2020/00167', 'BB04', '081254208689', '2020-10-28', '02:30:10', '70.000'),
('JB /10/2020/00168', 'BB04', '08115824824', '2020-10-29', '02:31:11', '80.000'),
('JB /10/2020/00169', 'BB04', '08115824824', '2020-10-29', '02:31:40', '45.000'),
('JB /10/2020/00170', 'BB04', '081346352366', '2020-10-29', '02:32:14', '60.000'),
('JB /10/2020/00171', 'BB04', '08125501996', '2020-10-29', '02:32:35', '80.000'),
('JB /10/2020/00172', 'BB04', '082253929878', '2020-10-29', '02:32:59', '80.000'),
('JB /10/2020/00173', 'BB04', '081347959555', '2020-10-29', '02:33:27', '160.000'),
('JB /10/2020/00174', 'BB04', '082190201834', '2020-10-29', '02:34:15', '80.000'),
('JB /10/2020/00175', 'BB04', '08125500882', '2020-10-29', '02:34:46', '80.000'),
('JB /10/2020/00176', 'BB04', '081315052508', '2020-10-29', '02:35:10', '80.000'),
('JB /10/2020/00177', 'BB04', '081254208689', '2020-10-29', '02:35:32', '80.000'),
('JB /10/2020/00178', 'BB04', '082250492800', '2020-10-29', '02:36:09', '80.000'),
('JB /10/2020/00179', 'BB04', '082151089922', '2020-10-29', '02:36:50', '85.000'),
('JB /10/2020/00180', 'BB04', '082217405046', '2020-10-29', '02:37:36', '80.000'),
('JB /10/2020/00181', 'BB04', '082158070034', '2020-10-29', '02:38:00', '80.000'),
('JB /10/2020/00182', 'BB04', '08121399499', '2020-10-29', '02:38:42', '140.000'),
('JB /10/2020/00183', 'BB04', '08125883226', '2020-10-29', '02:39:09', '60.000'),
('JB /10/2020/00184', 'BB04', '082153982637', '2020-10-29', '02:39:49', '80.000'),
('JB /10/2020/00185', 'BB04', '081347882229', '2020-10-29', '02:40:44', '80.000'),
('JB /10/2020/00186', 'BB04', '083132101624', '2020-10-29', '02:41:33', '140.000'),
('JB /10/2020/00187', 'BB04', '08125585054', '2020-10-30', '02:42:44', '80.000'),
('JB /10/2020/00188', 'BB04', '081347507980', '2020-10-30', '02:43:16', '80.000'),
('JB /10/2020/00189', 'BB04', '081253864879', '2020-10-30', '02:44:41', '80.000'),
('JB /10/2020/00190', 'BB04', '081252844444', '2020-10-30', '02:45:16', '80.000'),
('JB /10/2020/00191', 'BB04', '081219671389', '2020-10-30', '02:45:54', '80.000'),
('JB /10/2020/00192', 'BB04', '08125519850', '2020-10-21', '02:50:58', '60.000'),
('JB /10/2020/00193', 'BB04', '081253864879', '2020-10-21', '02:56:14', '80.000'),
('JB /10/2020/00194', 'BB04', '081338307902', '2020-10-21', '02:56:35', '80.000'),
('JB /10/2020/00195', 'BB04', '08122260020', '2020-10-21', '02:57:04', '105.000'),
('JB /10/2020/00196', 'BB04', '081348412212', '2020-10-30', '07:16:13', '80,000'),
('JB /10/2020/00197', 'BB04', '081254020474', '2020-10-31', '10:49:18', '80,000'),
('JB /10/2020/00198', 'BB04', '085242010413', '2020-10-31', '12:12:29', '85,000'),
('JB /10/2020/00199', 'BB04', '081255247599', '2020-10-31', '12:13:50', '140,000'),
('JB /10/2020/00200', 'BB04', '081257699390', '2020-10-31', '12:15:02', '80,000'),
('JB /10/2020/00201', 'BB04', '081241971455', '2020-10-31', '12:16:08', '80,000'),
('JB /10/2020/00202', 'BB04', '0816226650', '2020-10-31', '12:17:04', '80,000'),
('JB /10/2020/00203', 'BB04', '085817077777', '2020-10-31', '12:18:46', '80,000'),
('JB /10/2020/00204', 'BB04', '081348166860', '2020-10-31', '12:20:44', '80,000'),
('JB /10/2020/00205', 'BB04', '081210087044', '2020-10-31', '12:21:53', '70,000'),
('JB /10/2020/00206', 'BB04', '081917500669', '2020-10-31', '12:27:31', '500,000'),
('JB /10/2020/00207', 'BB04', '082353026237', '2020-10-31', '12:35:58', '80,000'),
('JB /10/2020/00208', 'BB04', '081347552063', '2020-10-31', '12:36:49', '80,000'),
('JB /10/2020/00209', 'BB04', '082353026237', '2020-10-31', '12:39:46', '70,000'),
('JB /10/2020/00210', 'BB04', '081393188840', '2020-10-31', '12:55:41', '160,000'),
('JB /10/2020/00211', 'BB04', '082217405046', '2020-10-31', '01:02:11', '400,000'),
('JB /10/2020/00212', 'BB04', '08115527818', '2020-10-31', '02:45:09', '140,000'),
('JB /11/2020/00213', 'BB04', '081270708432', '2020-11-01', '02:26:31', '160,000'),
('JB /11/2020/00214', 'BB04', '081366884417', '2020-11-01', '02:28:17', '80,000'),
('JB /11/2020/00215', 'BB04', '081348505084', '2020-11-01', '02:35:53', '400,000'),
('JB /11/2020/00216', 'BB04', '08125463838', '2020-11-01', '04:20:26', '60,000'),
('JB /11/2020/00217', 'BB04', '08125520028', '2020-11-01', '04:30:52', '280,000'),
('JB /11/2020/00218', 'BB04', '082152906661', '2020-11-01', '05:01:15', '80,000'),
('JB /11/2020/00219', 'BB04', '082233673111', '2020-11-01', '05:30:11', '80,000'),
('JB /11/2020/00220', 'BB04', '081322151500', '2020-11-01', '05:58:37', '60,000'),
('JB /11/2020/00221', 'BB04', '085250768872', '2020-11-01', '06:56:33', '140,000'),
('JB /11/2020/00222', 'BB04', '08125625035', '2020-11-01', '06:59:31', '160,000'),
('JB /11/2020/00223', 'BB04', '082255124372', '2020-11-01', '07:31:27', '520,000'),
('JB /11/2020/00224', 'BB04', '082255124372', '2020-11-01', '07:33:23', '420,000'),
('JB /11/2020/00225', 'BB04', '082339992873', '2020-11-01', '07:43:18', '205,000'),
('JB /11/2020/00226', 'BB04', '085338733906', '2020-11-01', '08:17:57', '80,000'),
('JB /11/2020/00227', 'BB04', '081348555712', '2020-11-01', '08:27:30', '140,000'),
('JB /11/2020/00228', 'BB04', '085216477898', '2020-11-01', '08:35:58', '60,000'),
('JB /11/2020/00229', 'BB04', '082255124372', '2020-11-01', '08:48:47', '0'),
('JB /11/2020/00230', 'BB04', '082158798899', '2020-11-01', '09:28:41', '140,000'),
('JB /11/2020/00231', 'BB04', '082255124372', '2020-11-02', '11:02:46', '80,000'),
('JB /11/2020/00232', 'BB04', '081347353022', '2020-11-02', '11:28:37', '155,000'),
('JB /11/2020/00233', 'BB04', '0895338571002', '2020-11-02', '11:48:23', '140,000'),
('JB /11/2020/00234', 'BB04', '08125326178', '2020-11-02', '02:05:29', '80,000'),
('JB /11/2020/00235', 'BB04', '081212490283', '2020-11-02', '02:45:59', '80,000'),
('JB /11/2020/00236', 'BB04', '08125500051', '2020-11-02', '03:48:56', '80,000'),
('JB /11/2020/00237', 'BB04', '081346494757', '2020-11-02', '04:44:47', '150,000'),
('JB /11/2020/00238', 'BB04', '081350020082', '2020-11-02', '08:12:54', '140,000'),
('JB /11/2020/00239', 'BB04', '081347346888', '2020-11-02', '08:18:13', '255,000'),
('JB /11/2020/00240', 'BB04', '082255124372', '2020-11-02', '09:43:57', '260,000'),
('JB /11/2020/00241', 'BB04', '0811555396', '2020-11-03', '11:41:40', '80,000'),
('JB /11/2020/00242', 'BB04', '082157701977', '2020-11-03', '01:19:08', '80,000'),
('JB /11/2020/00243', 'BB04', '081514210825', '2020-11-03', '03:07:25', '105,000'),
('JB /11/2020/00244', 'BB04', '082353330533', '2020-11-03', '03:11:31', '80,000'),
('JB /11/2020/00245', 'BB04', '082255124372', '2020-11-03', '04:11:55', '80,000'),
('JB /11/2020/00246', 'BB04', '081349637386', '2020-11-03', '06:44:08', '560,000'),
('JB /11/2020/00247', 'BB04', '0811589087', '2020-11-03', '06:52:38', '80,000'),
('JB /11/2020/00248', 'BB04', '081254020474', '2020-11-04', '12:37:17', '145,000'),
('JB /11/2020/00249', 'BB04', '081254679998', '2020-11-04', '01:12:39', '150,000'),
('JB /11/2020/00250', 'BB04', '081253127760', '2020-11-04', '03:33:17', '80,000'),
('JB /11/2020/00251', 'BB04', '082148471155', '2020-11-04', '03:43:30', '150,000'),
('JB /11/2020/00252', 'BB04', '0811505878', '2020-11-04', '05:06:31', '80,000'),
('JB /11/2020/00253', 'BB04', '082117773838', '2020-11-04', '05:16:10', '475,000'),
('JB /11/2020/00254', 'BB04', '082252846171', '2020-11-04', '05:51:28', '300,000'),
('JB /11/2020/00255', 'BB04', '082255135225', '2020-11-04', '06:14:16', '150,000'),
('JB /11/2020/00256', 'BB04', '081262359955', '2020-11-04', '06:49:12', '80,000'),
('JB /11/2020/00257', 'BB04', '085347735333', '2020-11-04', '07:13:17', '240,000'),
('JB /11/2020/00258', 'BB04', '085348655694', '2020-11-04', '08:28:38', '60,000'),
('JB /11/2020/00259', 'BB04', '081347829133', '2020-11-04', '08:49:24', '80,000'),
('JB /11/2020/00260', 'BB04', '081351923494', '2020-11-04', '08:58:23', '290,000'),
('JB /11/2020/00261', 'BB04', '081346365725', '2020-11-04', '09:31:55', '80,000'),
('JB /11/2020/00262', 'BB04', '082255124372', '2020-11-05', '12:24:40', '0'),
('JB /11/2020/00263', 'BB04', '0811556234', '2020-11-05', '01:12:36', '135,000'),
('JB /11/2020/00264', 'BB04', '082255124372', '2020-11-05', '01:44:19', '80,000'),
('JB /11/2020/00265', 'BB04', '085250664151', '2020-11-05', '02:24:01', '160,000'),
('JB /11/2020/00266', 'BB04', '082255124372', '2020-11-05', '02:27:06', '80,000'),
('JB /11/2020/00267', 'BB04', '081257548909', '2020-11-05', '04:26:05', '80,000'),
('JB /11/2020/00268', 'BB04', '082255124372', '2020-11-05', '04:30:30', '80,000'),
('JB /11/2020/00269', 'BB04', '0823438840', '2020-11-05', '04:41:15', '340,000'),
('JB /11/2020/00270', 'BB04', '081253272785', '2020-11-05', '06:04:03', '80,000'),
('JB /11/2020/00271', 'BB04', '081253272785', '2020-11-05', '06:29:10', '20,000'),
('JB /11/2020/00272', 'BB04', '0811552271', '2020-11-05', '07:35:19', '300,000'),
('JB /11/2020/00273', 'BB04', '08125510198', '2020-11-05', '08:29:48', '80,000'),
('JB /11/2020/00274', 'BB04', '082153246668', '2020-11-06', '01:58:59', '160,000'),
('JB /11/2020/00275', 'BB04', '089530323432', '2020-11-06', '02:10:05', '80,000'),
('JB /11/2020/00276', 'BB04', '0811581980', '2020-11-06', '02:44:23', '80,000'),
('JB /11/2020/00277', 'BB04', '081347382163', '2020-11-06', '03:52:34', '195,000'),
('JB /11/2020/00278', 'BB04', '081258515988', '2020-11-06', '04:09:51', '150,000'),
('JB /11/2020/00279', 'BB04', '08115572888', '2020-11-06', '04:11:15', '80,000'),
('JB /11/2020/00280', 'BB04', '082153982637', '2020-11-06', '04:29:27', '80,000'),
('JB /11/2020/00281', 'BB04', '08115578919', '2020-11-06', '05:06:13', '160,000'),
('JB /11/2020/00282', 'BB04', '085250985780', '2020-11-06', '05:07:55', '80,000'),
('JB /11/2020/00283', 'BB04', '08115578919', '2020-11-06', '05:11:22', '60,000'),
('JB /11/2020/00284', 'BB04', '081250427077', '2020-11-06', '05:25:57', '80,000'),
('JB /11/2020/00285', 'BB04', '082183724832', '2020-11-06', '05:54:54', '300,000'),
('JB /11/2020/00286', 'BB04', '082255130865', '2020-11-06', '05:58:35', '80,000'),
('JB /11/2020/00287', 'BB04', '081213803822', '2020-11-06', '07:07:53', '80,000'),
('JB /11/2020/00288', 'BB04', '082148846664', '2020-11-06', '08:42:29', '80,000'),
('JB /11/2020/00289', 'BB04', '085210488999', '2020-11-06', '09:20:38', '155,000'),
('JB /11/2020/00290', 'BB04', '081256352367', '2020-11-07', '02:40:02', '80,000'),
('JB /11/2020/00291', 'BB04', '081258617713', '2020-11-07', '04:07:17', '160,000'),
('JB /11/2020/00292', 'BB04', '08115857171', '2020-11-07', '04:44:31', '290,000'),
('JB /11/2020/00293', 'BB04', '081284933333', '2020-11-07', '04:47:02', '160,000'),
('JB /11/2020/00294', 'BB04', '08115350389', '2020-11-07', '05:07:42', '235,000'),
('JB /11/2020/00295', 'BB04', '081324277106', '2020-11-08', '11:12:04', '80,000'),
('JB /11/2020/00296', 'BB04', '082255124372', '2020-11-08', '11:13:48', '50,000'),
('JB /11/2020/00297', 'BB04', '082255124372', '2020-11-07', '12:16:55', '81,000'),
('JB /11/2020/00298', 'BB04', '082255124372', '2020-11-07', '12:17:48', '15,000'),
('JB /11/2020/00299', 'BB04', '082255124372', '2020-11-07', '12:19:10', '30,000'),
('JB /11/2020/00300', 'BB04', '082255124372', '2020-11-07', '12:20:39', '33,000'),
('JB /11/2020/00301', 'BB04', '082255124372', '2020-11-07', '12:21:20', '12,000'),
('JB /11/2020/00302', 'BB04', '082255124372', '2020-11-07', '12:21:54', '20,000'),
('JB /11/2020/00303', 'BB04', '082255124372', '2020-11-07', '12:22:57', '17,000'),
('JB /11/2020/00304', 'BB04', '081158158888', '2020-11-08', '02:02:25', '80,000'),
('JB /11/2020/00305', 'BB04', '08115197799', '2020-11-08', '02:09:11', '80,000'),
('JB /11/2020/00306', 'BB04', '081322933311', '2020-11-08', '02:53:08', '80,000'),
('JB /11/2020/00307', 'BB04', '081277788821', '2020-11-08', '03:47:19', '85,000'),
('JB /11/2020/00308', 'BB04', '081345611689', '2020-11-08', '04:28:20', '96,000'),
('JB /11/2020/00309', 'BB04', '082149074496', '2020-11-08', '04:32:51', '80,000'),
('JB /11/2020/00310', 'BB04', '08125520028', '2020-11-08', '05:09:34', '168,000'),
('JB /11/2020/00311', 'BB04', '0811583904', '2020-11-08', '05:30:37', '230,000'),
('JB /11/2020/00312', 'BB04', '08125522227', '2020-11-08', '05:34:09', '80,000'),
('JB /11/2020/00313', 'BB04', '082255124372', '2020-11-08', '05:37:27', '5,000'),
('JB /11/2020/00314', 'BB04', '08115583612', '2020-11-08', '06:05:14', '284,000'),
('JB /11/2020/00315', 'BB04', '081210087044', '2020-11-08', '08:19:05', '277,000'),
('JB /11/2020/00316', 'BB04', '082255124372', '2020-11-08', '09:05:18', '16,000'),
('JB /11/2020/00317', 'BB04', '082255124372', '2020-11-08', '09:08:50', '66,000'),
('JB /11/2020/00318', 'BB04', '081219671389', '2020-11-08', '09:17:10', '16,000'),
('JB /11/2020/00319', 'BB04', '085250101808', '2020-11-08', '09:31:05', '211,000'),
('JB /11/2020/00320', 'BB04', '089570414915', '2020-11-08', '09:33:32', '80,000'),
('JB /11/2020/00321', 'BB04', '081342920589', '2020-11-08', '09:35:40', '80,000'),
('JB /11/2020/00322', 'BB04', '082255124372', '2020-11-09', '11:55:08', '17,000'),
('JB /11/2020/00323', 'BB04', '081347798996', '2020-11-09', '12:09:56', '80,000'),
('JB /11/2020/00324', 'BB04', '082151797444', '2020-11-09', '01:01:05', '80,000'),
('JB /11/2020/00325', 'BB04', '082255124372', '2020-11-09', '01:05:41', '12,000'),
('JB /11/2020/00326', 'BB04', '0895700523395', '2020-11-09', '04:01:27', '85,000'),
('JB /11/2020/00327', 'BB04', '08125301085', '2020-11-09', '04:18:38', '181,000'),
('JB /11/2020/00328', 'BB04', '08125522558', '2020-11-09', '05:23:37', '85,000'),
('JB /11/2020/00329', 'BB04', '08115553800', '2020-11-09', '06:24:02', '80,000'),
('JB /11/2020/00330', 'BB04', '082255124372', '2020-11-09', '07:22:11', '160,000'),
('JB /11/2020/00331', 'BB04', '085250999111', '2020-11-09', '08:08:53', '700,000'),
('JB /11/2020/00332', 'BB04', '082255124372', '2020-11-09', '08:43:08', '17,000'),
('JB /11/2020/00333', 'BB04', '082255124372', '2020-11-09', '08:46:00', '80,000'),
('JB /11/2020/00334', 'BB04', '082255124372', '2020-11-09', '09:14:07', '25,000'),
('JB /11/2020/00335', 'BB04', '082255124372', '2020-11-09', '09:24:31', '15,000'),
('JB /11/2020/00336', 'BB04', '08125520028', '2020-11-09', '09:32:35', '62,000'),
('JB /11/2020/00337', 'BB04', '081347507980', '2020-11-10', '11:56:26', '155,000'),
('JB /11/2020/00338', 'BB04', '08115511220', '2020-11-10', '02:32:07', '80,000'),
('JB /11/2020/00339', 'BB04', '085753830843', '2020-11-10', '03:37:28', '240,000'),
('JB /11/2020/00340', 'BB04', '082255124372', '2020-11-10', '04:11:20', '266,000'),
('JB /11/2020/00341', 'BB04', '081258067381', '2020-11-10', '04:24:47', '80,000'),
('JB /11/2020/00342', 'BB04', '081214725629', '2020-11-10', '04:41:28', '95,000'),
('JB /11/2020/00343', 'BB04', '082255124372', '2020-11-10', '04:42:49', '15,000'),
('JB /11/2020/00344', 'BB04', '082353330700', '2020-11-10', '05:16:21', '80,000'),
('JB /11/2020/00345', 'BB04', '081211832558', '2020-11-10', '05:40:09', '181,000'),
('JB /11/2020/00346', 'BB04', '082165503841', '2020-11-10', '07:24:16', '545,000'),
('JB /11/2020/00347', 'BB04', '085349989277', '2020-11-10', '07:32:05', '80,000'),
('JB /11/2020/00348', 'BB04', '085250546789', '2020-11-10', '08:10:10', '60,000'),
('JB /11/2020/00349', 'BB04', '085750170005', '2020-11-10', '08:22:42', '140,000'),
('JB /11/2020/00350', 'BB04', '081219671389', '2020-11-10', '09:02:03', '12,000'),
('JB /11/2020/00351', 'BB04', '082255124372', '2020-11-11', '10:59:41', '80,000'),
('JB /11/2020/00352', 'BB04', '08115535567', '2020-11-11', '12:09:05', '60,000'),
('JB /11/2020/00353', 'BB04', '082255124372', '2020-11-11', '12:19:03', '15,000'),
('JB /11/2020/00354', 'BB04', '081312088899', '2020-11-11', '12:53:31', '140,000'),
('JB /11/2020/00355', 'BB04', '08128811111', '2020-11-11', '01:34:44', '80,000'),
('JB /11/2020/00356', 'BB04', '082255124372', '2020-11-11', '03:17:56', '20,000'),
('JB /11/2020/00357', 'BB04', '082255124372', '2020-11-11', '03:21:52', '10,000'),
('JB /11/2020/00358', 'BB04', '08115536996', '2020-11-11', '03:26:20', '155,000'),
('JB /11/2020/00359', 'BB04', '082252000649', '2020-11-11', '06:15:32', '60,000'),
('JB /11/2020/00360', 'BB04', '085250999111', '2020-11-11', '06:20:49', '117,000'),
('JB /11/2020/00361', 'BB04', '081219671389', '2020-11-11', '06:23:21', '16,000'),
('JB /11/2020/00362', 'BB04', '08115821221', '2020-11-11', '07:12:42', '562,000'),
('JB /11/2020/00363', 'BB04', '082255124372', '2020-11-11', '07:47:23', '10,000'),
('JB /11/2020/00364', 'BB04', '08115501987', '2020-11-11', '08:17:31', '246,000'),
('JB /11/2020/00365', 'BB04', '082255124372', '2020-11-11', '09:09:55', '37,000'),
('JB /11/2020/00366', 'BB04', '08125520028', '2020-11-11', '09:14:32', '15,000'),
('JB /11/2020/00367', 'BB04', '085822742178', '2020-11-12', '11:05:04', '80,000'),
('JB /11/2020/00368', 'BB04', '082237044667', '2020-11-12', '11:14:21', '80,000'),
('JB /11/2020/00369', 'BB04', '082237044667', '2020-11-12', '12:19:39', '16,000'),
('JB /11/2020/00370', 'BB04', '082148077188', '2020-11-12', '02:21:15', '150,000'),
('JB /11/2020/00371', 'BB04', '08125487488', '2020-11-12', '02:26:29', '80,000'),
('JB /11/2020/00372', 'BB04', '081253307699', '2020-11-12', '02:47:20', '140,000'),
('JB /11/2020/00373', 'BB04', '081617180189', '2020-11-12', '03:08:44', '80,000'),
('JB /11/2020/00374', 'BB04', '085250008021', '2020-11-12', '04:10:49', '80,000'),
('JB /11/2020/00375', 'BB04', '082250988887', '2020-11-12', '04:14:41', '80,000'),
('JB /11/2020/00376', 'BB04', '081225259090', '2020-11-12', '05:54:10', '160,000'),
('JB /11/2020/00377', 'BB04', '082255124372', '2020-11-12', '06:05:55', '16,000'),
('JB /11/2020/00378', 'BB04', '081347524073', '2020-11-12', '06:46:38', '80,000'),
('JB /11/2020/00379', 'BB04', '08534887710', '2020-11-12', '06:47:44', '97,000'),
('JB /11/2020/00380', 'BB04', '081347000064', '2020-11-12', '08:18:17', '97,000'),
('JB /11/2020/00381', 'BB04', '082251511399', '2020-11-12', '08:58:16', '80,000'),
('JB /11/2020/00382', 'BB04', '081256505747', '2020-11-12', '08:59:09', '80,000'),
('JB /11/2020/00383', 'BB04', '082255124372', '2020-11-12', '09:06:14', '16,000'),
('JB /11/2020/00384', 'BB04', '082323588805', '2020-11-13', '02:31:44', '80,000'),
('JB /11/2020/00385', 'BB04', '085249509876', '2020-11-13', '03:04:57', '160,000'),
('JB /11/2020/00386', 'BB04', '085247926461', '2020-11-13', '04:59:43', '80,000'),
('JB /11/2020/00387', 'BB04', '081347353022', '2020-11-13', '05:22:52', '80,000'),
('JB /11/2020/00388', 'BB04', '081313888861', '2020-11-13', '06:18:45', '80,000'),
('JB /11/2020/00389', 'BB04', '081347258947', '2020-11-13', '07:46:10', '970,000'),
('JB /11/2020/00390', 'BB04', '085250786718', '2020-11-13', '07:47:50', '140,000'),
('JB /11/2020/00391', 'BB04', '085260262537', '2020-11-13', '08:24:22', '96,000'),
('JB /11/2020/00392', 'BB04', '0811552988', '2020-11-13', '08:26:00', '80,000'),
('JB /11/2020/00393', 'BB04', '081348628186', '2020-11-13', '09:06:21', '97,000'),
('JB /11/2020/00394', 'BB04', '082255124372', '2020-11-13', '09:16:04', '42,000'),
('JB /11/2020/00395', 'BB04', '082255124372', '2020-11-13', '09:17:54', '20,000'),
('JB /11/2020/00396', 'BB04', '082255124372', '2020-11-13', '09:32:38', '25,000'),
('JB /11/2020/00397', 'BB04', '082255124372', '2020-11-14', '11:21:14', '80,000'),
('JB /11/2020/00398', 'BB04', '082255124372', '2020-11-14', '11:44:46', '60,000'),
('JB /11/2020/00399', 'BB04', '081258143472', '2020-11-14', '12:35:12', '140,000'),
('JB /11/2020/00400', 'BB04', '082151089922', '2020-11-14', '12:46:00', '160,000'),
('JB /11/2020/00401', 'BB04', '085332333487', '2020-11-14', '01:30:51', '125,000'),
('JB /11/2020/00402', 'BB04', '085348629826', '2020-11-14', '01:50:21', '230,000'),
('JB /11/2020/00403', 'BB04', '085752892748', '2020-11-14', '07:21:45', '240,000'),
('JB /11/2020/00404', 'BB04', '081258587489', '2020-11-14', '08:36:18', '80,000'),
('JB /11/2020/00405', 'BB04', '081219671389', '2020-11-14', '08:48:57', '16,000'),
('JB /11/2020/00406', 'BB04', '0811540583', '2020-11-15', '11:19:38', '80,000'),
('JB /11/2020/00407', 'BB04', '085260262537', '2020-11-15', '02:12:56', '250,000'),
('JB /11/2020/00408', 'BB04', '0818107014', '2020-11-15', '02:24:02', '80,000'),
('JB /11/2020/00409', 'BB04', '08115390808', '2020-11-15', '02:39:21', '150,000'),
('JB /11/2020/00410', 'BB04', '081254020474', '2020-11-15', '03:09:59', '80,000'),
('JB /11/2020/00411', 'BB04', '082255124372', '2020-11-15', '03:13:54', '17,000'),
('JB /11/2020/00412', 'BB04', '081351373710', '2020-11-15', '03:26:50', '157,000'),
('JB /11/2020/00413', 'BB04', '081347069779', '2020-11-15', '04:02:07', '80,000'),
('JB /11/2020/00414', 'BB04', '081351767946', '2020-11-15', '04:17:40', '96,000'),
('JB /11/2020/00415', 'BB04', '082311111711', '2020-11-15', '04:34:37', '20,000'),
('JB /11/2020/00416', 'BB04', '082255124372', '2020-11-15', '04:35:31', '5,000'),
('JB /11/2020/00417', 'BB04', '082157665858', '2020-11-15', '04:53:51', '150,000'),
('JB /11/2020/00418', 'BB04', '085250098399', '2020-11-15', '05:10:53', '194,000'),
('JB /11/2020/00419', 'BB04', '081381627271', '2020-11-15', '05:12:24', '140,000'),
('JB /11/2020/00420', 'BB04', '082157585075', '2020-11-15', '05:52:37', '100,000'),
('JB /11/2020/00421', 'BB04', '081216090068', '2020-11-15', '06:06:29', '80,000'),
('JB /11/2020/00422', 'BB04', '081347810696', '2020-11-15', '06:14:50', '95,000'),
('JB /11/2020/00423', 'BB04', '0811581515', '2020-11-15', '07:33:10', '171,000'),
('JB /11/2020/00424', 'BB04', '081349375050', '2020-11-15', '08:59:09', '214,000'),
('JB /11/2020/00425', 'BB04', '081260037459', '2020-11-15', '09:13:39', '220,000'),
('JB /11/2020/00426', 'BB04', '085246477898', '2020-11-15', '09:34:04', '80,000'),
('JB /11/2020/00427', 'BB04', '082255124372', '2020-11-15', '09:38:43', '80,000'),
('JB /11/2020/00428', 'BB04', '0895705770197', '2020-11-15', '09:46:50', '112,000'),
('JB /11/2020/00429', 'BB04', '082255124372', '2020-11-15', '09:52:43', '16,000'),
('JB /11/2020/00430', 'BB04', '085249509876', '2020-11-16', '12:49:43', '80,000'),
('JB /11/2020/00431', 'BB04', '081243731529', '2020-11-16', '01:41:27', '130,000'),
('JB /11/2020/00432', 'BB04', '081328847788', '2020-11-16', '03:42:20', '157,000'),
('JB /11/2020/00433', 'BB04', '082255124372', '2020-11-16', '04:07:58', '125,000'),
('JB /11/2020/00434', 'BB04', '085705142229', '2020-11-16', '04:54:46', '75,000'),
('JB /11/2020/00435', 'BB04', '081349311950', '2020-11-16', '06:29:15', '97,000'),
('JB /11/2020/00436', 'BB04', '082255124372', '2020-11-16', '06:31:28', '15,000'),
('JB /11/2020/00437', 'BB04', '085250155505', '2020-11-16', '08:32:01', '80,000'),
('JB /11/2020/00438', 'BB04', '082148040891', '2020-11-16', '09:02:46', '80,000'),
('JB /11/2020/00439', 'BB04', '081219671389', '2020-11-16', '09:03:36', '10,000'),
('JB /11/2020/00440', 'BB04', '082255124372', '2020-11-16', '09:09:49', '16,000'),
('JB /11/2020/00441', 'BB04', '082148471155', '2020-11-17', '11:56:53', '100,000'),
('JB /11/2020/00442', 'BB04', '082296191300', '2020-11-17', '11:59:55', '80,000'),
('JB /11/2020/00443', 'BB04', '082255124372', '2020-11-17', '12:24:30', '140,000'),
('JB /11/2020/00444', 'BB04', '081521594675', '2020-11-17', '02:51:06', '80,000'),
('JB /11/2020/00445', 'BB04', '08115551310', '2020-11-17', '02:56:08', '150,000'),
('JB /11/2020/00446', 'BB04', '081350766777', '2020-11-17', '03:43:53', '140,000'),
('JB /11/2020/00447', 'BB04', '082369990003', '2020-11-17', '05:02:12', '80,000'),
('JB /11/2020/00448', 'BB04', '081270708432', '2020-11-17', '05:50:51', '95,000'),
('JB /11/2020/00449', 'BB04', '081210087044', '2020-11-17', '06:32:01', '80,000'),
('JB /11/2020/00450', 'BB04', '081210087044', '2020-11-17', '06:32:47', '17,000'),
('JB /11/2020/00451', 'BB04', '082350331826', '2020-11-17', '06:54:12', '85,000'),
('JB /11/2020/00452', 'BB04', '081222599917', '2020-11-17', '07:55:26', '97,000'),
('JB /11/2020/00453', 'BB04', '08125532718', '2020-11-17', '09:08:38', '80,000'),
('JB /11/2020/00454', 'BB04', '081219671389', '2020-11-17', '09:13:08', '16,000'),
('JB /11/2020/00455', 'BB04', '085250332663', '2020-11-18', '12:42:46', '80,000'),
('JB /11/2020/00456', 'BB04', '082253929878', '2020-11-18', '03:54:02', '114,000'),
('JB /11/2020/00457', 'BB04', '08125520028', '2020-11-18', '03:59:53', '96,000'),
('JB /11/2020/00458', 'BB04', '08195077750', '2020-11-18', '04:31:47', '80,000'),
('JB /11/2020/00459', 'BB04', '085250531612', '2020-11-18', '05:37:45', '96,000'),
('JB /11/2020/00460', 'BB04', '081257839736', '2020-11-18', '07:34:02', '80,000'),
('JB /11/2020/00461', 'BB04', '082255124372', '2020-11-18', '07:47:01', '17,000'),
('JB /11/2020/00462', 'BB04', '085246867760', '2020-11-18', '08:05:00', '80,000'),
('JB /11/2020/00463', 'BB04', '082255124372', '2020-11-18', '08:40:11', '29,000'),
('JB /11/2020/00464', 'BB04', '082255124372', '2020-11-18', '09:02:38', '25,000'),
('JB /11/2020/00465', 'BB04', '082255124372', '2020-11-18', '09:05:37', '34,000'),
('JB /11/2020/00466', 'BB04', '082255124372', '2020-11-18', '09:14:28', '60,000'),
('JB /11/2020/00467', 'BB04', '081348166860', '2020-11-19', '02:19:51', '80,000'),
('JB /11/2020/00468', 'BB04', '081348166860', '2020-11-19', '03:00:56', '15,000'),
('JB /11/2020/00469', 'BB04', '081253272785', '2020-11-19', '04:45:00', '150,000'),
('JB /11/2020/00470', 'BB04', '085250916305', '2020-11-19', '05:02:35', '80,000'),
('JB /11/2020/00471', 'BB04', '0811588911', '2020-11-19', '05:36:40', '96,000'),
('JB /11/2020/00472', 'BB04', '081350788388', '2020-11-19', '06:24:06', '80,000'),
('JB /11/2020/00473', 'BB04', '081250727118', '2020-11-19', '06:51:23', '181,000'),
('JB /11/2020/00474', 'BB04', '082121151525', '2020-11-19', '06:55:20', '96,000'),
('JB /11/2020/00475', 'BB04', '082217405046', '2020-11-19', '07:27:40', '97,000'),
('JB /11/2020/00476', 'BB04', '0811550779', '2020-11-19', '07:58:56', '85,000'),
('JB /11/2020/00477', 'BB04', '081254922611', '2020-11-19', '08:47:40', '174,000'),
('JB /11/2020/00478', 'BB04', '081295866126', '2020-11-19', '08:55:40', '255,000'),
('JB /11/2020/00479', 'BB04', '081350437094', '2020-11-19', '09:00:20', '80,000'),
('JB /11/2020/00480', 'BB04', '085386132069', '2020-11-20', '03:26:40', '80,000'),
('JB /11/2020/00481', 'BB04', '082255124372', '2020-11-20', '03:27:35', '15,000'),
('JB /11/2020/00482', 'BB04', '081347346888', '2020-11-20', '03:44:23', '80,000'),
('JB /11/2020/00483', 'BB04', '082250445372', '2020-11-20', '04:15:04', '96,000'),
('JB /11/2020/00484', 'BB04', '081335372138', '2020-11-20', '05:11:09', '507,000'),
('JB /11/2020/00485', 'BB04', '085348889797', '2020-11-20', '06:40:18', '96,000'),
('JB /11/2020/00486', 'BB04', '082255124372', '2020-11-20', '08:15:27', '5,000'),
('JB /11/2020/00487', 'BB04', '081384306407', '2020-11-20', '08:53:10', '330,000'),
('JB /11/2020/00488', 'BB04', '082255124372', '2020-11-20', '09:20:16', '10,000'),
('JB /11/2020/00489', 'BB04', '081219671389', '2020-11-20', '09:23:47', '27,000'),
('JB /11/2020/00490', 'BB04', '085345551282', '2020-11-20', '09:51:46', '80,000'),
('JB /11/2020/00491', 'BB04', '08125810144', '2020-11-21', '11:43:00', '80,000'),
('JB /11/2020/00492', 'BB04', '081299091779', '2020-11-21', '03:01:51', '430,000'),
('JB /11/2020/00493', 'BB04', '082157035199', '2020-11-21', '03:50:23', '628,000'),
('JB /11/2020/00494', 'BB04', '081252844444', '2020-11-21', '04:47:07', '180,000'),
('JB /11/2020/00495', 'BB04', '082331242757', '2020-11-21', '05:29:57', '96,000'),
('JB /11/2020/00496', 'BB04', '08125581110', '2020-11-21', '06:05:16', '112,000'),
('JB /11/2020/00497', 'BB04', '08123168554', '2020-11-21', '08:10:10', '250,000'),
('JB /11/2020/00498', 'BB04', '082189699669', '2020-11-21', '08:47:49', '80,000'),
('JB /11/2020/00499', 'BB04', '082165173899', '2020-11-21', '08:59:27', '165,000'),
('JB /11/2020/00500', 'BB04', '085250277764', '2020-11-21', '09:02:57', '370,000'),
('JB /11/2020/00501', 'BB04', '082255135225', '2020-11-21', '09:08:19', '432,000'),
('JB /11/2020/00502', 'BB04', '082311111711', '2020-11-21', '09:29:19', '31,000'),
('JB /11/2020/00503', 'BB04', '081347382163', '2020-11-21', '09:39:40', '60,000'),
('JB /11/2020/00504', 'BB04', '081254922611', '2020-11-21', '09:49:59', '70,000'),
('JB /11/2020/00505', 'BB04', '08125520028', '2020-11-21', '10:11:42', '201,000'),
('JB /11/2020/00506', 'BB04', '082157035199', '2020-11-21', '10:30:42', '68,000'),
('JB /11/2020/00507', 'BB04', '08125520028', '2020-11-21', '10:35:00', '16,000'),
('JB /11/2020/00508', 'BB04', '082112212121', '2020-11-21', '10:41:21', '80,000'),
('JB /11/2020/00509', 'BB04', '082255124372', '2020-11-21', '10:44:38', '16,000'),
('JB /11/2020/00510', 'BB04', '085391570085', '2020-11-22', '02:56:38', '193,000'),
('JB /11/2020/00511', 'BB04', '082255124372', '2020-11-22', '03:32:23', '85,000'),
('JB /11/2020/00512', 'BB04', '082153928883', '2020-11-22', '04:14:28', '80,000'),
('JB /11/2020/00513', 'BB04', '082255124372', '2020-11-22', '04:58:26', '17,000'),
('JB /11/2020/00514', 'BB04', '08115536500', '2020-11-22', '05:07:09', '80,000'),
('JB /11/2020/00515', 'BB04', '082251253050', '2020-11-22', '05:16:43', '80,000'),
('JB /11/2020/00516', 'BB04', '089570414915', '2020-11-22', '07:06:10', '80,000'),
('JB /11/2020/00517', 'BB04', '08121399499', '2020-11-22', '07:11:43', '274,000'),
('JB /11/2020/00518', 'BB04', '082311111711', '2020-11-22', '08:11:53', '61,000'),
('JB /11/2020/00519', 'BB04', '087738752787', '2020-11-22', '08:28:08', '80,000'),
('JB /11/2020/00520', 'BB04', '08125520028', '2020-11-22', '08:37:15', '248,000'),
('JB /11/2020/00521', 'BB04', '082151999224', '2020-11-22', '09:33:55', '951,000'),
('JB /11/2020/00522', 'BB04', '081254922611', '2020-11-22', '09:38:07', '577,000'),
('JB /11/2020/00523', 'BB04', '082255124372', '2020-11-22', '09:47:01', '30,000'),
('JB /11/2020/00524', 'BB04', '081219671389', '2020-11-22', '09:52:08', '17,000'),
('JB /11/2020/00525', 'BB04', '082110831212', '2020-11-22', '09:56:14', '80,000'),
('JB /11/2020/00526', 'BB04', '082255124372', '2020-11-23', '12:44:47', '85,000'),
('JB /11/2020/00527', 'BB04', '0813505000040', '2020-11-23', '01:37:34', '80,000'),
('JB /11/2020/00528', 'BB04', '082153982637', '2020-11-23', '03:51:37', '80,000'),
('JB /11/2020/00529', 'BB04', '081243731529', '2020-11-23', '06:04:43', '250,000'),
('JB /11/2020/00530', 'BB04', '081545437200', '2020-11-23', '06:09:04', '450,000'),
('JB /11/2020/00531', 'BB04', '085332788658', '2020-11-23', '06:59:38', '100,000'),
('JB /11/2020/00532', 'BB04', '082255124372', '2020-11-24', '01:43:51', '60,000'),
('JB /11/2020/00533', 'BB04', '081350267627', '2020-11-24', '02:39:44', '80,000'),
('JB /11/2020/00534', 'BB04', '082339992873', '2020-11-24', '02:40:47', '80,000'),
('JB /11/2020/00535', 'BB04', '082239474310', '2020-11-24', '03:43:50', '80,000'),
('JB /11/2020/00536', 'BB04', '085250999111', '2020-11-24', '04:58:01', '80,000'),
('JB /11/2020/00537', 'BB04', '085247994474', '2020-11-24', '05:36:51', '80,000'),
('JB /11/2020/00538', 'BB04', '082154195214', '2020-11-24', '06:16:33', '176,000'),
('JB /11/2020/00539', 'BB04', '0811584748', '2020-11-24', '06:25:05', '172,000'),
('JB /11/2020/00540', 'BB04', '08115546444', '2020-11-24', '06:38:42', '10,000'),
('JB /11/2020/00541', 'BB04', '08115527818', '2020-11-24', '08:03:45', '140,000'),
('JB /11/2020/00542', 'BB04', '082158798899', '2020-11-24', '08:45:29', '173,000'),
('JB /11/2020/00543', 'BB04', '08125520028', '2020-11-24', '08:49:46', '230,000'),
('JB /11/2020/00544', 'BB04', '082158070034', '2020-11-24', '08:51:41', '77,000'),
('JB /11/2020/00545', 'BB04', '081258617713', '2020-11-24', '09:14:04', '80,000'),
('JB /11/2020/00546', 'BB04', '082255124372', '2020-11-25', '11:28:17', '80,000'),
('JB /11/2020/00547', 'BB04', '082220279000', '2020-11-25', '02:08:39', '80,000'),
('JB /11/2020/00548', 'BB04', '081286246966', '2020-11-25', '04:53:52', '120,000'),
('JB /11/2020/00549', 'BB04', '081284933333', '2020-11-25', '05:22:29', '184,000'),
('JB /11/2020/00550', 'BB04', '081382825020', '2020-11-25', '07:12:00', '85,000'),
('JB /11/2020/00551', 'BB04', '081296999053', '2020-11-25', '07:51:49', '280,000'),
('JB /11/2020/00552', 'BB04', '081212219944', '2020-11-25', '08:55:03', '279,000'),
('JB /11/2020/00553', 'BB04', '082351345678', '2020-11-25', '08:58:31', '450,000'),
('JB /11/2020/00554', 'BB04', '082255124372', '2020-11-25', '09:11:42', '17,000'),
('JB /11/2020/00555', 'BB04', '08125520028', '2020-11-25', '09:23:18', '303,000'),
('JB /11/2020/00556', 'BB04', '082158444714', '2020-11-26', '12:16:58', '70,000'),
('JB /11/2020/00557', 'BB04', '081255559190', '2020-11-26', '12:40:12', '80,000'),
('JB /11/2020/00558', 'BB04', '082255124372', '2020-11-26', '02:41:09', '5,000'),
('JB /11/2020/00559', 'BB04', '081315052508', '2020-11-26', '02:46:58', '160,000'),
('JB /11/2020/00560', 'BB04', '082157139094', '2020-11-26', '03:00:29', '195,000'),
('JB /11/2020/00561', 'BB04', '085242010413', '2020-11-26', '03:14:23', '220,000'),
('JB /11/2020/00562', 'BB04', '082255124372', '2020-11-26', '03:26:41', '5,000'),
('JB /11/2020/00563', 'BB04', '085386835070', '2020-11-26', '05:33:14', '150,000'),
('JB /11/2020/00564', 'BB04', '08111560159', '2020-11-26', '05:39:16', '80,000'),
('JB /11/2020/00565', 'BB04', '081255533300', '2020-11-26', '06:39:47', '256,000'),
('JB /11/2020/00566', 'BB04', '082255124372', '2020-11-26', '06:58:23', '80,000'),
('JB /11/2020/00567', 'BB04', '082255124372', '2020-11-26', '06:59:53', '5,000'),
('JB /11/2020/00568', 'BB04', '08115857171', '2020-11-26', '07:59:01', '80,000'),
('JB /11/2020/00569', 'BB04', '081346667117', '2020-11-26', '08:23:15', '150,000'),
('JB /11/2020/00570', 'BB04', '081211832558', '2020-11-26', '08:26:14', '335,000'),
('JB /11/2020/00571', 'BB04', '085349733449', '2020-11-26', '08:51:44', '240,000'),
('JB /11/2020/00572', 'BB04', '082255124372', '2020-11-26', '09:00:07', '53,000'),
('JB /11/2020/00573', 'BB04', '08122260020', '2020-11-26', '09:06:19', '94,000'),
('JB /11/2020/00574', 'BB04', '082249977533', '2020-11-26', '09:07:27', '80,000'),
('JB /11/2020/00575', 'BB04', '082255124372', '2020-11-27', '03:11:04', '80,000'),
('JB /11/2020/00576', 'BB04', '082255124372', '2020-11-27', '03:12:07', '85,000'),
('JB /11/2020/00577', 'BB04', '085246477898', '2020-11-27', '03:25:19', '235,000'),
('JB /11/2020/00578', 'BB04', '081391048010', '2020-11-27', '04:00:24', '80,000'),
('JB /11/2020/00579', 'BB04', '081311100306', '2020-11-27', '04:16:39', '172,000'),
('JB /11/2020/00580', 'BB04', '082255124372', '2020-11-27', '05:28:53', '5,000'),
('JB /11/2020/00581', 'BB04', '082230004000', '2020-11-27', '06:21:36', '15,000'),
('JB /11/2020/00582', 'BB04', '08526573900', '2020-11-27', '07:12:23', '80,000'),
('JB /11/2020/00583', 'BB04', '082154686977', '2020-11-27', '07:22:34', '100,000'),
('JB /11/2020/00584', 'BB04', '085292259999', '2020-11-27', '07:27:51', '80,000'),
('JB /11/2020/00585', 'BB04', '081351647904', '2020-11-27', '08:16:36', '412,000'),
('JB /11/2020/00586', 'BB04', '082255124372', '2020-11-27', '08:21:36', '39,000'),
('JB /11/2020/00587', 'BB04', '08122260020', '2020-11-27', '08:41:25', '134,000'),
('JB /11/2020/00588', 'BB04', '082255124372', '2020-11-27', '08:49:17', '33,000'),
('JB /11/2020/00589', 'BB04', '082116237888', '2020-11-27', '09:15:29', '96,000'),
('JB /11/2020/00590', 'BB04', '081253864879', '2020-11-27', '09:34:20', '215,000'),
('JB /11/2020/00591', 'BB04', '081351923494', '2020-11-27', '09:54:24', '207,000'),
('JB /11/2020/00592', 'BB04', '08125520028', '2020-11-27', '10:13:22', '369,000'),
('JB /11/2020/00593', 'BB04', '082255124372', '2020-11-27', '10:23:05', '15,000'),
('JB /11/2020/00594', 'BB04', '081254991133', '2020-11-28', '12:46:13', '400,000'),
('JB /11/2020/00595', 'BB04', '082255124372', '2020-11-28', '12:47:14', '0'),
('JB /11/2020/00596', 'BB04', '085390972346', '2020-11-28', '02:17:47', '80,000'),
('JB /11/2020/00597', 'BB04', '08126042948', '2020-11-28', '02:38:11', '80,000'),
('JB /11/2020/00598', 'BB04', '081247840170', '2020-11-28', '03:01:08', '80,000'),
('JB /11/2020/00599', 'BB04', '082158755151', '2020-11-28', '05:44:33', '80,000'),
('JB /11/2020/00600', 'BB04', '085250985780', '2020-11-28', '06:11:21', '200,000'),
('JB /11/2020/00601', 'BB04', '085787570131', '2020-11-28', '06:42:19', '111,000'),
('JB /11/2020/00602', 'BB04', '081222818798', '2020-11-28', '07:16:41', '1,056,000'),
('JB /11/2020/00603', 'BB04', '081212490283', '2020-11-28', '07:48:13', '80,000'),
('JB /11/2020/00604', 'BB04', '081219671389', '2020-11-28', '08:50:14', '17,000'),
('JB /11/2020/00605', 'BB04', '08115527818', '2020-11-28', '08:57:18', '73,000'),
('JB /11/2020/00606', 'BB04', '087783057519', '2020-11-29', '12:04:31', '530,000'),
('JB /11/2020/00607', 'BB04', '082255124372', '2020-11-29', '01:27:41', '49,000'),
('JB /11/2020/00608', 'BB04', '081254265988', '2020-11-29', '02:51:52', '80,000'),
('JB /11/2020/00609', 'BB04', '081350073000', '2020-11-29', '02:54:24', '275,000'),
('JB /11/2020/00610', 'BB04', '082253135044', '2020-11-29', '03:51:07', '284,000'),
('JB /11/2020/00611', 'BB04', '082253135044', '2020-11-29', '04:02:38', '135,000'),
('JB /11/2020/00612', 'BB04', '087838911108', '2020-11-29', '04:11:20', '85,000'),
('JB /11/2020/00613', 'BB04', '085247040480', '2020-11-29', '05:25:12', '80,000'),
('JB /11/2020/00614', 'BB04', '082256985228', '2020-11-29', '05:49:01', '35,000'),
('JB /11/2020/00615', 'BB04', '081350073000', '2020-11-29', '07:15:28', '100,000'),
('JB /11/2020/00616', 'BB04', '08128703796', '2020-11-29', '07:50:19', '1,127,000'),
('JB /11/2020/00617', 'BB04', '085250000505', '2020-11-29', '07:56:41', '80,000'),
('JB /11/2020/00618', 'BB04', '082255124372', '2020-11-29', '09:03:24', '10,000'),
('JB /11/2020/00619', 'BB04', '081366884417', '2020-11-29', '09:14:17', '80,000'),
('JB /11/2020/00620', 'BB04', '08125378102', '2020-11-29', '09:24:11', '80,000'),
('JB /11/2020/00621', 'BB04', '082194333369', '2020-11-30', '11:29:45', '80,000'),
('JB /11/2020/00622', 'BB04', '082399278959', '2020-11-30', '12:52:56', '150,000'),
('JB /11/2020/00623', 'BB04', '085828643650', '2020-11-30', '04:43:28', '140,000'),
('JB /11/2020/00624', 'BB04', '082154068910', '2020-11-30', '06:36:09', '80,000'),
('JB /11/2020/00625', 'BB04', '081210087044', '2020-11-30', '09:27:59', '230,000'),
('JB /11/2020/00626', 'BB04', '08125558009', '2020-11-30', '09:44:50', '80,000'),
('JB /12/2020/00627', 'BB04', '089517993479', '2020-12-01', '10:50:41', '80,000'),
('JB /12/2020/00628', 'BB04', '0811555396', '2020-12-01', '11:30:25', '80,000');
INSERT INTO `jual` (`IDJUAL`, `USERID`, `NOHP`, `TANGGAL`, `JAM`, `BIAYA`) VALUES
('JB /12/2020/00629', 'BB04', '081250296614', '2020-12-01', '02:20:59', '80,000'),
('JB /12/2020/00630', 'BB04', '08115530040', '2020-12-01', '02:55:56', '80,000'),
('JB /12/2020/00631', 'BB04', '081324345429', '2020-12-01', '04:38:57', '150,000'),
('JB /12/2020/00632', 'BB04', '081324345429', '2020-12-01', '05:09:49', '16,000'),
('JB /12/2020/00633', 'BB04', '082255124372', '2020-12-01', '05:11:16', '10,000'),
('JB /12/2020/00634', 'BB04', '082332188849', '2020-12-01', '05:23:36', '209,000'),
('JB /12/2020/00635', 'BB04', '087775174763', '2020-12-01', '05:25:06', '80,000'),
('JB /12/2020/00636', 'BB04', '082255124372', '2020-12-01', '05:33:06', '10,000'),
('JB /12/2020/00637', 'BB04', '082113257214', '2020-12-01', '06:05:30', '80,000'),
('JB /12/2020/00638', 'BB04', '082122567729', '2020-12-01', '06:41:57', '396,000'),
('JB /12/2020/00639', 'BB04', '082332644232', '2020-12-01', '08:23:28', '80,000'),
('JB /12/2020/00640', 'BB04', '081219671389', '2020-12-01', '08:51:57', '17,000'),
('JB /12/2020/00641', 'BB04', '085250999111', '2020-12-01', '09:10:04', '58,000'),
('JB /12/2020/00642', 'BB04', '085250999111', '2020-12-01', '09:19:22', '250,000'),
('JB /12/2020/00643', 'BB04', '082255124372', '2020-12-01', '09:21:32', '26,000'),
('JB /12/2020/00644', 'BB04', '082255124372', '2020-12-01', '09:23:55', '27,000'),
('JB /12/2020/00645', 'BB04', '081932729210', '2020-12-02', '12:34:33', '60,000'),
('JB /12/2020/00646', 'BB04', '08115551310', '2020-12-02', '01:29:54', '80,000'),
('JB /12/2020/00647', 'BB04', '085333331536', '2020-12-02', '01:44:08', '80,000'),
('JB /12/2020/00648', 'BB04', '08115556580', '2020-12-02', '05:03:26', '624,000'),
('JB /12/2020/00649', 'BB04', '08115556580', '2020-12-02', '05:07:26', '135,000'),
('JB /12/2020/00650', 'BB04', '081254235067', '2020-12-02', '05:11:34', '93,000'),
('JB /12/2020/00651', 'BB04', '08115583612', '2020-12-02', '06:08:22', '80,000'),
('JB /12/2020/00652', 'BB04', '082255124372', '2020-12-02', '06:09:09', '80,000'),
('JB /12/2020/00653', 'BB04', '085787570131', '2020-12-02', '06:18:40', '16,000'),
('JB /12/2020/00654', 'BB04', '08111560159', '2020-12-24', '01:03:10', '35,000');

-- --------------------------------------------------------

--
-- Table structure for table `kategori`
--

CREATE TABLE `kategori` (
  `ID` varchar(50) NOT NULL,
  `KATEGORI` varchar(100) NOT NULL
) ENGINE=InnoDB DEFAULT CHARSET=latin1;

--
-- Dumping data for table `kategori`
--

INSERT INTO `kategori` (`ID`, `KATEGORI`) VALUES
('KT01', 'Minyak Rambut'),
('KT03', 'Shampo'),
('KT04', 'Alat Pencukur'),
('KT05', 'Hair Treatment'),
('KT06', 'sabun');

-- --------------------------------------------------------

--
-- Table structure for table `keluar`
--

CREATE TABLE `keluar` (
  `TGL` date NOT NULL,
  `NAMA` varchar(100) NOT NULL,
  `JUMLAH` int(11) NOT NULL,
  `SATUAN` int(11) NOT NULL,
  `TOTAL` int(11) NOT NULL,
  `KET` varchar(250) NOT NULL
) ENGINE=InnoDB DEFAULT CHARSET=utf8mb4;

--
-- Dumping data for table `keluar`
--

INSERT INTO `keluar` (`TGL`, `NAMA`, `JUMLAH`, `SATUAN`, `TOTAL`, `KET`) VALUES
('2020-11-22', 'masker', 1, 94500, 94500, 'buat jordan'),
('2020-11-22', 'OPTIK CREAM NEUTRALIZER', 1, 66900, 66900, 'BUAT TAMU'),
('2020-11-22', 'LIDAH BUAYA', 1, 35100, 35100, 'BUAT TAMU\r\n'),
('2020-11-22', 'MASKER NATURGO', 1, 22000, 22000, 'BUAT TAMU'),
('2020-11-22', 'MIRANDA GREEN', 2, 11500, 23000, 'BUAT TAMU'),
('2020-11-22', 'MIRANDA BLUE', 2, 11500, 23000, 'BUAT TAMU'),
('2020-11-22', 'MASSAGE OIL ZAITUN', 1, 65000, 65000, 'BUAT TAMU'),
('2020-11-22', 'HAIR TONIC GINGSENG', 1, 59400, 59400, 'BUAT TAMU'),
('2020-11-22', 'MTX SR SOCLR CULT 9953', 1, 101700, 101700, 'BUAT TAMU'),
('2020-11-22', 'MTX SR SOCLR CULT 0041', 1, 101700, 101700, 'BUAT TAMU'),
('2020-11-22', 'SMOOTHING SUTRA', 1, 184000, 184000, 'BUAT TAMU'),
('2020-11-22', 'BAYCLIN', 1, 8225, 8225, 'BUAT JORDAN'),
('2020-11-22', 'DAIA SENSASI EXTRA', 1, 34150, 34150, 'BUAT JORDAN'),
('2020-11-22', 'CLEAR PEMB KACA', 1, 4125, 4125, 'BUAT JORDAN'),
('2020-11-22', 'BAYGON AER OB LAVENDER', 1, 34875, 34875, 'BUAT JORDAN'),
('2020-11-22', 'STELLA  AER TROPICAL', 1, 21875, 21875, 'BUAT JORDAN'),
('2020-11-22', 'DOWNY MYSTIQUE', 1, 64150, 64150, 'BUAT JORDAN'),
('2020-11-22', 'HARPIC LIQ LEMON', 1, 23725, 23725, 'BUAT JORDAN'),
('2020-11-22', 'YURI HANDSOAP', 1, 18875, 18875, 'BUAT JORDAN'),
('2020-11-22', 'ISOLASI HITAM', 1, 9000, 9000, 'BUAT JORDAN'),
('2020-11-22', 'BOSSECOME RUMAHAN', 1, 27500, 27500, 'BUAT JORDAN');

-- --------------------------------------------------------

--
-- Table structure for table `kofee`
--

CREATE TABLE `kofee` (
  `TGL` date NOT NULL,
  `BULAN` int(11) NOT NULL,
  `OMZET` int(11) NOT NULL,
  `TRANSAKSI` int(11) NOT NULL,
  `FEE` int(11) NOT NULL
) ENGINE=InnoDB DEFAULT CHARSET=latin1;

--
-- Dumping data for table `kofee`
--

INSERT INTO `kofee` (`TGL`, `BULAN`, `OMZET`, `TRANSAKSI`, `FEE`) VALUES
('2020-11-30', 11, 3890000, 223, 2528500);

-- --------------------------------------------------------

--
-- Table structure for table `kopi`
--

CREATE TABLE `kopi` (
  `KODE` varchar(50) NOT NULL,
  `MENU` varchar(100) NOT NULL,
  `HARGA` varchar(100) NOT NULL
) ENGINE=InnoDB DEFAULT CHARSET=latin1;

--
-- Dumping data for table `kopi`
--

INSERT INTO `kopi` (`KODE`, `MENU`, `HARGA`) VALUES
('K001', 'Black Soul HOT', '12000'),
('K002', 'Black Soul COLD', '13000'),
('K003', 'Kopi Tuan HOT ', '15000'),
('K004', 'Kopi Tuan COLD', '16000'),
('K005', 'Sweet Ebony', '15000'),
('K006', 'Ichigo Strawbery', '17000'),
('K007', 'Jello Night', '17000'),
('K008', 'Vanilla Latte', '16000'),
('K009', 'Mocha Latte', '16000'),
('K010', 'Caramel Latte', '16000'),
('K011', 'Brown Heaven', '17000'),
('K012', 'Matcha Greentea', '17000'),
('K013', 'Oreo', '17000'),
('K014', 'Lemon Tea HOT', '15000'),
('K015', 'Lemon Tea COLD', '16000'),
('K016', 'Milky Tea', '16000'),
('K017', 'Happy Life', '20000'),
('K018', 'Lime Squash', '20000'),
('K019', 'Air Mineral', '5000'),
('K020', 'Taro', '17000'),
('K021', 'Snack', '10000');

-- --------------------------------------------------------

--
-- Table structure for table `layanan`
--

CREATE TABLE `layanan` (
  `KODEL` varchar(50) NOT NULL,
  `LAYANAN` varchar(100) NOT NULL,
  `HARGA` int(11) NOT NULL
) ENGINE=InnoDB DEFAULT CHARSET=latin1;

--
-- Dumping data for table `layanan`
--

INSERT INTO `layanan` (`KODEL`, `LAYANAN`, `HARGA`) VALUES
('L001', 'Gunting Wanita', 100000),
('L004', 'Cuci Paket Blow', 150000),
('L005', 'Gunting Poni', 35000),
('L006', 'Cuci Blow', 70000),
('L007', 'Cuci Curly', 60000),
('L008', 'Cuci Catok', 60000),
('L016', 'Toning Hitam', 350000),
('L017', 'Coloring Fashion 1/2 tube', 200000),
('L018', 'Coloring Fashion 1tube', 400000),
('L019', 'Bleaching Pendek', 200000),
('L020', 'Copot Sambung Kepang', 150000),
('L021', 'Sambut Rambut ring/helai', 4000),
('L022', 'Sambung Rambut Kepang/Helai', 6000),
('L023', 'Refleksi', 80000),
('L024', 'Gunting Men ', 80000),
('L025', 'Gunting Kids', 60000),
('L026', 'color hitam', 150000),
('L027', 'color dark brown', 150000),
('L028', 'color blue black', 150000),
('L029', 'styling men', 50000),
('L030', 'kip sekali pakai', 5000),
('L031', 'creambath men ', 70000),
('L032', 'creambath women ', 80000),
('L033', 'hairspa loreal men', 100000),
('L034', 'hairspa loreal women ', 120000),
('L037', 'keratin pendek women', 500000),
('L038', 'keratin sedang women', 700000),
('L039', 'keratin panjang women', 900000),
('L040', 'keratin pendek men', 350000),
('L041', 'keratin panjang men', 450000),
('L042', 'wash and dry', 35000),
('L043', 'black mask', 45000),
('L045', 'Creambath Matrix Man', 80000),
('L046', 'Creambath Matrix Women', 100000),
('L047', 'Highligth bleaching', 250000),
('L048', 'Highligth fashion', 400000),
('L049', 'Shaving full men', 50000),
('L050', 'Totok Wajah', 45000),
('L051', 'Ear Candle', 45000),
('L052', 'Keratin Poni', 150000),
('L053', 'Masker Makarizo Men', 90000),
('L054', 'Masker Makarizo Women', 110000),
('L055', 'Smooting Pendek Women', 400000),
('L056', 'Smoothing Panjang Women', 700000),
('L057', 'Smoothing Pendek Men', 250000),
('L058', 'Smoothing Panjang Men', 350000),
('L059', 'Color Fashion men', 500000);

-- --------------------------------------------------------

--
-- Table structure for table `pegawai`
--

CREATE TABLE `pegawai` (
  `IDCARD` varchar(50) NOT NULL,
  `NAMA` varchar(100) NOT NULL,
  `NOHP` varchar(50) NOT NULL,
  `ALAMAT` varchar(100) NOT NULL,
  `JABATAN` varchar(100) NOT NULL
) ENGINE=InnoDB DEFAULT CHARSET=latin1;

--
-- Dumping data for table `pegawai`
--

INSERT INTO `pegawai` (`IDCARD`, `NAMA`, `NOHP`, `ALAMAT`, `JABATAN`) VALUES
('JHS01', 'MR Joe', '0000000', 'Imam Bonjol', 'HAIR STYLIST'),
('JHS02', 'Mr Anaz', '000000', 'Imam Bonjol', 'HAIR STYLIST'),
('JHS03', 'Mr Rizky', '0812511289998', 'Imam Bonjol', 'HAIR STYLIST'),
('JHS04', 'Khusnul', '082255124372', 'Loa Bakung', 'CAPSTER'),
('JHS05', 'Mr Nico', '081244181336', 'Jl Kalteng', 'HAIRSTYLIST2'),
('JHS06', 'Haris', '083875837065', 'Jl Imam Bonjol', 'HAIRSTYLIST2'),
('JHS07', 'Widya', '081257698944', 'Jl Lambung', 'CAPSTER'),
('JHS08', 'Uni', '082281300839', 'Jl Hidyatuallah Gg Bakti', 'CAPSTER'),
('JHS09', 'Lila', '0895543686', 'Jl Sambutan', 'CAPSTER');

-- --------------------------------------------------------

--
-- Table structure for table `pelanggan`
--

CREATE TABLE `pelanggan` (
  `NOHP` varchar(100) NOT NULL,
  `NAMA` varchar(50) NOT NULL,
  `ALAMAT` varchar(100) NOT NULL
) ENGINE=InnoDB DEFAULT CHARSET=latin1;

--
-- Dumping data for table `pelanggan`
--

INSERT INTO `pelanggan` (`NOHP`, `NAMA`, `ALAMAT`) VALUES
('08111560159', 'Ismail', 'Jl Pemuda'),
('0811505878', 'Wandi', 'Jl Prum Pondok Lestari'),
('08115197799', 'Ivan ', 'Jl Danau Toba'),
('08115350389', 'Ferdi', 'Pondok Surya Indah'),
('08115390808', 'Ardin', 'Jl Sutra Kembang'),
('0811540583', ' Ko Hendra', 'Jl Kapas No 15'),
('08115501987', 'Fikri', 'Jl Cendana'),
('0811550779', 'Garry', 'Jl Merdeka No 11'),
('08115511220', 'Dairen', 'Jl Rumbia 2'),
('0811552271', 'Ko Erwin', 'Alaya'),
('08115527818', 'Bapak Devin', 'Perum Alaya'),
('0811552988', 'Roni', 'Jl hidayatullah'),
('08115530040', 'Abdul', 'Jl Gerliya'),
('08115535567', 'antok', 'jl revolusi'),
('08115536500', 'Faisal ', 'Jl Panjaitan'),
('08115536996', 'Dwi', 'Jl M Said'),
('08115546444', 'Nanda', 'Jl M Said'),
('08115551310', 'Robi pdam', 'jl juanda 8'),
('08115553800', 'Takim', 'Jl Imam Bonjol'),
('0811555396', 'Ko Billy', 'Jl Garuda'),
('0811555588', 'Ko Viktor', 'Imam bonjol SMD'),
('08115556580', 'Bogel', 'Jl Juanda'),
('08115556688', 'farid', 'jl kapas'),
('0811555769', 'fadli', 'jl kasturi'),
('0811556234', 'Tomi', 'Jl Prum citraland'),
('08115572888', 'wawan', 'jl. flores no.38'),
('08115578919', 'Jose', 'samarinda'),
('0811558356', 'ko agus', 'jl daman huri'),
('08115583612', 'Hendra', 'Jl aminah syukur'),
('08115591188', 'yensen', 'imambonjol'),
('0811580104', 'kindi', 'imam bonjol'),
('0811581515', 'Nisa', 'Jl AWS'),
('081158158888', 'Ko Halim', 'Jl Gatot Subroto'),
('0811581980', 'Diego', 'Jl prum villa tamara'),
('08115821221', 'Ko Teddy', 'prem citra gading bloka 12 no 8'),
('08115824824', 'robi', 'jl antasari'),
('0811583122', 'Andre', 'Jl Ade Irma'),
('0811583904', 'Yudi', 'Jl Tenggarong'),
('08115840055', 'ady fakhrudi', 'cendana'),
('0811584748', 'Aris', 'Jl Karang Asam'),
('08115857171', 'Tomi pdam', 'wijaya kusuma'),
('0811588911', 'Herpani', 'Jl Antasari'),
('0811589087', 'Ko martin', 'Jl ponegoro'),
('0811892727', 'iwan ys', 'rapak indah'),
('081210087044', 'gary', 'jl los elroy pramuka 8'),
('081211832558', 'Zainal', 'Jl Lestari indah '),
('081212219944', 'arman', 'jl sejati'),
('081212490283', 'Hisyam', 'Jl pahlawan no 1'),
('081213803822', 'Adit', 'Jl Sejahtera 2'),
('08121399499', 'mansyur', 'jl m moch jkrta slatn'),
('081214725629', 'Lanvin', 'Jl abdul Hasan no 4'),
('081216090068', 'Wawan', 'Jl Angklung'),
('081219671389', 'joe stylits', 'jl kahoi'),
('081222599917', 'Nur Rahman', 'Jl Rapak Indah Prum Gerliya Permata'),
('08122260020', 'reza', 'jl milono'),
('081222818798', 'Tyka', 'Samarinda Seberang'),
('081225259090', 'Hanung', 'ALAYA'),
('08123168554', 'Arif', 'Jl Arif Rahman Hakim'),
('081234535199', 'yunita', 'jl abul hasan'),
('081241971455', 'Erza', 'Damanhuri'),
('081243731529', 'Alma', 'Jl Sei Kalian'),
('081247840170', 'Azril', 'Jl Abdul H Samad'),
('081250185522', 'julian', 'jl rapak mahang'),
('081250296614', 'Sofyan', 'Jl Kehewanan'),
('081250427077', 'Bubu', 'Palaran'),
('081250727118', 'Jusan', 'Jl Ir Sutami gng puska No 62'),
('081251118885', 'anto', 'jl samarinda sebrang'),
('08125177774', 'levi', 'jl kampung jawa'),
('081252844444', 'yadi', 'jl pelabuhan'),
('08125301085', 'Dedi', 'Jl Sirad Salman'),
('081253127760', 'Rasyid', 'Jl Bengkuring'),
('08125326178', 'Dian', 'Jl harun napsi'),
('081253272785', 'Romi', 'Jl Plipap'),
('081253307699', 'indra', 'jl mulawarman'),
('081253343464', 'Okan', 'Jl Barito No 11'),
('08125378102', 'Firdaus', 'Jl Sejati'),
('08125378338', 'wahyudi', 'jl tenggarong'),
('081253864879', 'eko', 'jl antasari 2'),
('081254020474', 'Ravi', 'Samarinda Seberang'),
('081254208689', 'cevi ', 'jl rapak indah'),
('081254235067', 'Jacob', 'Jl Aminah Syukur'),
('081254265988', 'Hendri', 'Villa Tamara K1 no 7'),
('081254299968', 'atta', 'dermaga'),
('081254303579', 'liong', 'jl kartini'),
('08125463838', 'kenzo', 'Jl mulawarman'),
('081254679998', 'Syawal', 'Jl Jakarta'),
('08125487488', 'Ko Hansen', 'Jl Gerilya'),
('0812548874444', 'ko rudi', 'jl ajidsamad'),
('081254922611', 'Asrin', 'Jl Gatsu'),
('081254991133', 'ko agus', 'jl negoro'),
('08125500051', 'Dani', 'Jl abul hasan'),
('08125500882', 'haji lukman', 'kartini '),
('08125501996', 'syahrudin', 'jl nahkoda'),
('08125510198', 'Ko Anung', 'Jl Panglima Batur'),
('08125519850', 'hazairi', 'jl cendana komplek pdam'),
('08125519878', 'robi', 'jl adam malik'),
('08125520028', 'pak ali rachman', 'rapak indah'),
('08125522227', 'Ko Endra', 'Jl Panglima batur no 4'),
('08125522558', 'Edi', 'Jl Juanda'),
('081255247599', 'Zaini', 'Jakarta 1'),
('08125532718', 'ko acuan', 'jl diponegoro'),
('081255533300', 'Riki', 'Jl Palaran'),
('081255559190', 'Armayan', 'Jl Gerliya'),
('08125558009', 'Ko Jimmy', 'Jl Saman Hudi'),
('08125581110', 'boy andrian', 'jl rapak indah ade pa ali'),
('08125583185', 'akbar', 'samarinda'),
('08125585054', 'Budi', 'KS Tubun'),
('08125625035', 'Sembiring', 'Jl prum penda'),
('081256352367', 'Kwan', 'Sambutan Permai'),
('081256505747', 'H Amirudin', 'BERAU'),
('081257548909', 'Dedi', 'Jl bengkuring'),
('081257699390', 'Opel', 'Pelabuhan'),
('081257839736', 'Ciban', 'Jl Aminah Syukur'),
('081258067381', 'Alif', 'Jl Wahid Hasyim'),
('08125810144', 'Ko Fudra', 'Jl Danau Semayang No 18'),
('081258143472', 'Arif Setiawan', 'Citraland E2 No 5'),
('081258281467', 'ari', 'jl kedondong'),
('081258515988', 'beni', 'jl. imam bonjol'),
('081258587489', 'Tomi', 'Perum CitraLand'),
('081258617713', 'Reza', 'Jl muso salim'),
('08125883226', 'kenzou', 'jl a yani'),
('081260037459', 'Hendra', 'Jl Rawa Sari'),
('08126042948', 'Guruh', 'Sanga sanga'),
('081260905831', 'razi', ' jl jakarta'),
('081262359955', 'Dian', 'Jl Lambung Mangkurat'),
('081270708432', 'Deny', 'Pandjaitan'),
('081277788821', 'Ko Hamjaya', 'Jl danau maninjau no 15'),
('081284933333', 'Albert', 'pulau banda'),
('081286246966', 'Mujid', 'Jl Imam Bonjol'),
('08128703796', 'Lia', 'Jl MT Haryono '),
('08128811111', 'Charlos', 'Jl Samarinda'),
('081295866126', 'Bambang', 'Jl Niaga Timur Raya No 2'),
('081296999053', 'tulus', 'jl lambung mangkurat'),
('081299091779', 'Bashar', 'Jl Pangeran Suryanata Perum Bukit Pinang'),
('081311100306', 'Edwin', 'SAMARINDA'),
('081312088899', 'Marco', 'Jl Kartini'),
('081313888861', 'Alan', 'Jl U Suropati Prem Karpotek '),
('081315052508', 'dion', 'jl gatsu'),
('081318904181', 'bayu', ' bekasi'),
('081320374505', 'hansen', 'jl diponegoro'),
('081322151500', 'Alvin', 'PM Noor'),
('081322933311', 'Iqbal', 'Jl AWS Gng 3'),
('081324277106', 'Doni', 'Jl Pasundan Blok k 23'),
('081324345429', 'Aang', 'Jl Rapak Indah'),
('081328847788', 'Palas', 'Jl Sempaja Lestari Indah'),
('081335372138', 'Dedi', 'Jl SMD Seberang'),
('081338307902', 'heri', 'jl pelita 2'),
('081342920589', 'Jack', 'Jl Pesona Mahakam'),
('081345611689', 'Udin', 'Jl merdeka'),
('081346352366', 'yesen', 'jl amnasyukur'),
('081346365725', 'Bagas', 'Jl Rukun SMD SEBRANG'),
('081346494757', 'Abdul Haris', 'Jl ahmad dahlan no 9'),
('081346595678', 'julius', 'yossudarso'),
('081346667117', 'Riski', 'Jl Suryanata'),
('081347000064', 'Deni', 'Jl Gatsu'),
('081347069779', 'Noval', 'Jl Kehewanan'),
('081347258947', 'Ika', 'Jl Harapan Baru'),
('081347346888', 'Petersong', 'Jl kebaktian'),
('081347353022', 'randy', 'jl kadrioneng'),
('081347382163', 'Aswin ', 'Jl Gerliya'),
('081347507980', 'hasan', 'jl haristo'),
('081347524073', 'Edi Ramadani pdam', 'Jl Daman Huri'),
('081347552063', 'Alvin', 'M Said'),
('081347555760', 'adit', 'jl ploklamasi'),
('081347665738', 'evan', 'jl ruhui rahayu'),
('081347798996', 'Wawan pdam', 'Jl Bengkuring'),
('081347810696', 'halley', 'jl dayak kayang'),
('081347829133', 'Fendi', 'Jl Sultan Sulaiman'),
('081347882229', 'dion ', 'jl imam bonjol'),
('081347959555', 'andi', 'jl arif rahman hakim'),
('081348002572', 'calvin', 'jl awang long'),
('081348166860', 'Mukti', 'Wiratama'),
('081348412212', 'Nurhayak', 'KS Tubun'),
('081348505084', 'dafin ', 'jl basuki rahmat'),
('081348555712', 'Risky', 'Jl sangatta'),
('081348628186', 'Rofiq', 'Jl Sirad Salman'),
('081349311950', 'Anton', 'Jl Lumba Lumba'),
('081349375050', 'Shaji', 'Jl Kebahagia gng arahman'),
('081349557223', 'm. agus s', 'jl cendana'),
('081349637386', 'Arif', 'Jl sambutan'),
('081350014375', 'fawwaz', 'jl suryanata gg popta'),
('081350020082', 'Deni', 'Jl suryanata'),
('081350073000', 'H Ferdy', 'Sambutan'),
('081350267627', 'faisal', 'jl lambung makurat'),
('081350437094', 'Sayid', 'Jl Rumas'),
('081350444284', 'ijal', 'jl elang'),
('081350476024', 'pius nalang', 'jl prembumi perstasi kencana blok oki 2 no 17'),
('0813505000040', 'dion', 'jl aw syahranie'),
('081350766777', 'Ayah Kenzou', 'Jl A yani'),
('081350788388', 'Ko gunawan', 'Jl Kebaktian'),
('081351373710', 'Tantri', 'Jl Lambung Mangkurat'),
('081351633270', 'edo', 'sempaja'),
('081351647904', 'Iqbal', 'Jl Ham Rifadi'),
('081351767946', 'Budi', 'Jl Miga Baru'),
('081351923494', 'Agung', 'Balikpapan'),
('081358700203', 'adi', 'jl palaran'),
('081366884417', 'Exel', 'JL Mulawarman'),
('081381627271', 'Andreas', 'Jl Danau Jompang'),
('081382825020', 'Yoon', 'SAMARINDA'),
('081384306407', 'Ferry', 'JL Imam bonjol'),
('081391048010', 'Noval', 'Jl Sentosa'),
('081393188840', 'Ivan', 'Bontang'),
('081514210825', 'Diki', 'Jl Pelita 4'),
('081521594675', 'Alam', 'Jl M Said'),
('081545437200', 'Aldo', 'Jl Abdul Hasan'),
('081617180189', 'haan', 'jl imam bonjol no 15'),
('0816226650', 'Dana', 'Jl Jakarta'),
('0818107014', 'Andreas', 'Jl Prusda Sutami'),
('081917500669', 'evelyne', 'jl imam bonjol'),
('081932729210', 'Alex', 'BanjarMasin'),
('08195050528', 'irene', 'imam bonjol'),
('08195077750', 'Titi ', 'Jl Dipenogoro'),
('082110831212', 'Dony M', 'Jl Daman Huri'),
('082112212121', 'hilal', 'loabakung'),
('082113257214', 'naufal', 'jl mt haryono'),
('082115509999', 'yoga', 'jl pangeran'),
('082116237888', 'ko ahui', 'jl mulawarman smd'),
('082117773838', 'Reza', 'Jl Lambung Mangkurat'),
('082121151525', 'Rangga', 'Villa Tamara'),
('082122567729', 'Lery', 'Jl Merbabu'),
('082148040891', 'Cenul', 'Jl Azi Samad'),
('082148077188', 'ko arthur', 'sungai kunjang'),
('082148471155', 'Irfan', 'Jl Merdeka'),
('082148590979', 'hadi', 'jl grand taman sari'),
('082148722289', 'efri', 'sirad salman'),
('082148846664', 'Eza', 'Jl tatako'),
('082149074496', 'Dwi', 'Jl slamet riyadi gang 7 no 57'),
('082151089922', 'Arlex', 'Antasari'),
('082151797444', 'husen', 'jl.revolusi'),
('082151999224', 'andong', 'jl pesut'),
('082152906661', 'Dirman', 'Jl ahmad dahlan'),
('082153246668', 'Michael', 'Jl Manggis No 44'),
('082153543886', 'haji baim', 'jl nuri no 12'),
('082153928883', 'ko felix', 'jl banda'),
('082153982637', 'king king', 'jl jakarta'),
('082154068910', 'Rudy', 'Jl Cermai  No21'),
('082154195214', 'Zya', 'Jl Cendana'),
('082154686977', 'Feronika', 'Jl Perjuangan 7'),
('082156366722', 'duan kumis', 'j m said'),
('082157035199', 'Athala', 'Jl M Said '),
('082157139094', 'Alfi', 'Jl Perjuangan 2 unmul'),
('082157179094', 'agus', 'perjuangan 2'),
('082157585075', 'Cinta', 'Jl Wijaya Kusuma'),
('082157665858', 'Adam', 'Jl Sukarno Hatta'),
('082157701977', 'Ali', 'Jl Sungai dama'),
('082158070034', 'sigit', 'jl hidayatulah'),
('082158444714', 'haspian', 'jl mt haryono'),
('082158509889', 'edwin', 'citraland'),
('082158755151', 'Andri', 'Jl Suryanata'),
('082158798899', 'reza', 'jl gatsu gang 14'),
('082165173899', 'Anis', 'Rumah Dinas Bandar udara APT pranoto'),
('082165503841', 'Esitanggang', 'Kubar'),
('082172556022', 'aming', 'jl kadrioneng'),
('082183724832', 'Rifki', 'Jl Merdeka'),
('082189699669', 'Kevin', 'Jl Pemuda'),
('082190201834', 'fendi', 'jl lambung mangkurat'),
('082194333369', 'Andri', 'Jl DI Panjaitan'),
('082210781177', 'dafin', 'jl sultan alimundin'),
('082217405046', 'carlos', 'jl danau poso no 8'),
('082220279000', 'Gusti', 'Jl Danau Toba'),
('082220634994', 'rahman', 'jl manggis'),
('082227276966', 'ikhsan', 'mt hayono'),
('082227888970', 'andri', 'jl hidayatullah'),
('082230004000', 'H Anto ', 'NU'),
('082233673111', 'sandri', 'jl aminah syukur'),
('082234284310', 'dani', 'jl daman huri'),
('082237044667', 'Haikal', 'Jl AWS'),
('082239474310', 'Reza', 'Jl Sultan Alimudin'),
('082249977533', 'Andi', 'Jl Panjaitan'),
('082250445372', 'Beny', 'jl pm noor'),
('082250492800', 'luis', 'jl gatsu no 8'),
('082250988887', 'Alvin', 'Jl Aminah Syukur'),
('082251084578', 'eric', 'SEMENTARA'),
('082251253050', 'Antoni', 'Jl Citra Niaga'),
('082251366180', 'fauzan', 'jl brantas'),
('082251511399', 'Jaya', 'Jl Adam Malik'),
('082251801477', 'dani', 'jl ks tubun'),
('082252000649', 'Alvian', 'Jl Brantas'),
('082252846171', 'Maulana', 'Jl Lambung Mangkurat'),
('082253135044', 'Sarfares', 'Perum Citra Gading'),
('082253929878', 'tomo', 'jl pesut'),
('082255124372', 'khusnul ', 'jl padat karya'),
('082255130865', 'Jodi', 'Jl aminah syukur no 35'),
('082255135225', 'dayat', 'jl ciptomo kusumo'),
('082255518991', 'edo', 'jl ploklamasi 5'),
('082255522241', 'ferisal', 'jl vorvo'),
('082256985228', 'Didid', 'Jl Hidayatullah'),
('082288883445', 'tesar', 'jl adam malik'),
('082296191300', 'Hendi', 'SMD'),
('082311111711', 'Buyung', 'Jl Perjuangan'),
('082314039990', 'wahyudi', 'jl gatsu'),
('082323588805', 'Bryan', 'Jl Sei Kalian'),
('082323959506', 'topik', 'jl ahmad yani 2'),
('082331242757', 'Ibnu', 'Jl gtau'),
('082332188849', 'viyef', 'jl remaja'),
('082332644232', 'aden', 'jl ahmad dahlan'),
('082339992873', 'Bejo', 'Lempake'),
('0823438840', 'Latos', 'Jl pesut'),
('082346283964', 'dhafi', 'jl agus salim'),
('082350331826', 'Aspian', 'Jl Panjaitan'),
('082351345678', 'Sadam', 'Jl Imam Bonjol'),
('082353026237', 'Fauzan Kacamata', 'Berantas'),
('082353330533', 'Rapli', 'Jl rapak indah'),
('082353330700', 'Minan', 'Jl Mulawarman gg 113'),
('082369990003', 'Tando', 'Jl Pm Noor'),
('082399278959', 'syaiful azhar', 'jl pangeran suryanata'),
('083132101624', 'emen', 'jl palang sari'),
('085210488999', 'Deni', 'Jl Samarinda maybe'),
('085216477898', 'Abi', 'Jl Sirad salman'),
('085242010413', 'Yudi', 'Antasri'),
('085245463305', 'sandri', 'jl blorow'),
('085246477898', 'adi', 'jl sirad salman'),
('085246784940', 'tidaryanto', 'jl alam segar 4 no 5'),
('085246867760', 'Ruben', 'Jl Sambasri'),
('085247040480', 'Andro', 'Jl Pahlawan 3'),
('085247926461', 'Gunawan', 'Sambutan Pelita 4'),
('085247994474', 'Jack', 'Jl Sejati'),
('085249509876', 'Abad', 'Jl Basuki Rahmat'),
('085250000505', 'ko yongli', 'jl mulawarman'),
('085250008021', 'Fahri', 'Jl Sejati Gng kasa 5 No 20'),
('085250098399', 'ko ferdi', 'jl pm noor'),
('085250101808', 'ari', 'jl adam malik'),
('085250155505', 'Ragil', 'Jl Danau Poso No 33'),
('085250264364', 'arya', 'jl panjaitan'),
('085250270584', 'syukran', 'jl rahman'),
('085250277764', 'Yuliono', 'Jl MT Haryono'),
('085250332663', 'Riki', 'Jl Gerliya Perjuangan'),
('085250521265', 'ryan', 'jl rajawali'),
('085250531612', 'fahmi', 'jl suryanata'),
('085250546789', 'ibu yayuk', 'jl milono gg1a'),
('085250608886', 'ko alung', 'jl slamet riyadi'),
('085250664151', 'Sabri', 'Jl Ahmad Yani'),
('085250768872', 'Hendri', 'Jl batu cermin'),
('085250786718', 'Fernando', 'Jl Muso Salim'),
('085250916305', 'April', 'Jl Panjaitan'),
('085250985780', 'adit', 'jl. pangeran suryanata'),
('085250999111', 'Detty ', 'Jl Wijaya Kusuma'),
('085252222200', 'hadi', 'jl m said'),
('085260262537', 'Reza', 'Jl Juanda 1'),
('08526573900', 'Robert', 'Jl Lempake'),
('085283812991', 'dian', 'jl samalau b8'),
('085292259999', 'Freddy', 'Jl Niaga Baru No 21'),
('085298282342', 'safar', 'jl lambung mangkurat'),
('085332333487', 'Iqbal', 'Jl Juanda'),
('085332788658', 'Hany', 'Jl Sultan Alimudin'),
('085333331536', 'Romi', 'Jl Pesut'),
('085338733906', 'Aidil', 'Jl banggris'),
('085345414177', 'doni', 'jl sentosa'),
('085345551282', 'rizky', 'jl lambung mangkurat'),
('085347735333', 'Asir ', 'Jl Gatsu'),
('085348629826', 'Budi', 'Jl Basuki Rahmat No 2'),
('085348655694', 'Panji', 'Jl AWS'),
('08534887710', 'Imanuel', 'Jl PM Noor'),
('085348889797', 'Ali ', 'Jl Gatsu'),
('085349733449', 'Lazio', 'Jl Imam Bonjol'),
('085349989277', 'gilang', 'jl gatsu'),
('085351789999', 'rudi', 'hidayattullah'),
('085358178888', 'abdi', 'jl latsitarda'),
('085386132069', 'Dion Damara', 'Jl jakarta Blok AY no 9'),
('085386835070', 'Davit', 'Jl loajanan'),
('085390972346', 'zen', 'jl muso salim'),
('085391570085', 'Ari', 'jl kemangi'),
('085652102545', 'Untung', 'Jl Rawa Sari'),
('085705142229', 'Lukman Mandiri', 'Jl Lambung Mangkurat'),
('085745903333', 'eka', 'jl loabakung'),
('085750170005', 'Rido', 'Jl Lambung M'),
('085752892748', 'Alfin', 'Jl KH Mastu Manggung'),
('085753830843', 'Fajar ', 'POLTEK'),
('085787570131', 'Arif', 'SMD Seberang'),
('085817077777', 'Doni', 'Sanga Sanga'),
('085822742178', 'Iwan', 'Jl Kadri Oning'),
('085828643650', 'Sutrisno', 'Jl Danau Toba'),
('087738752787', 'Edo', 'Jl Surapati'),
('087775174763', 'Marda', 'Jl Imam Bonjol'),
('087783057519', 'Beachi', 'Jl Perumahan GTS'),
('087810982339', 'anisa', 'jl raudah 3'),
('087838911108', 'hendrik', 'jl wijaya kusuma'),
('089517993479', 'Mahendra', 'Jl Abdul Hasan'),
('089530323432', 'Bilal', 'Jl Pesut'),
('0895338571002', 'Akmal', 'Jl siti aisyah'),
('0895700523395', 'Ivan ', 'Bumi Sempaja'),
('089570414915', 'awal', 'jl lambung mangkurat'),
('0895705770197', 'Dewi', 'Jl Milono'),
('12345678', 'ANONYMOUS', 'ANONYMOUS'),
('15187509868', 'riski', 'jl grand mahakan blok i ');

-- --------------------------------------------------------

--
-- Table structure for table `pembelian`
--

CREATE TABLE `pembelian` (
  `FAKTUR` varchar(100) NOT NULL,
  `TANGGAL` date NOT NULL,
  `SUPLIER` varchar(100) NOT NULL,
  `JENIS` varchar(50) NOT NULL,
  `DEADLINE` varchar(50) NOT NULL,
  `TOTAL` int(11) NOT NULL
) ENGINE=InnoDB DEFAULT CHARSET=latin1;

--
-- Dumping data for table `pembelian`
--

INSERT INTO `pembelian` (`FAKTUR`, `TANGGAL`, `SUPLIER`, `JENIS`, `DEADLINE`, `TOTAL`) VALUES
('2', '2020-11-01', 'CV SWEET SUKSES MAKMUR', 'TUNAI', '', 190000),
('BIF/E301020200029/X/20', '2020-11-01', 'PT BORNEO INDAH FOCUS', 'TUNAI', '', 1358000),
('BSR/S311020200013/X/20', '2020-11-02', 'CV BERLIAN SUKSES RAYA', 'TUNAI', '', 276000),
('BSRK/E301020200036/X/20', '2020-11-01', 'PT BORNEO SUKSES RAYA KALTIM', 'TUNAI', '', 480000),
('SSM/S231020200003/X/20', '2020-11-01', 'CV SWEET SUKSES MAKMUR', 'TUNAI', '', 2720000),
('SSM/S301020200012/X/20', '2020-11-01', 'CV SWEET SUKSES MAKMUR', 'TUNAI', '', 3507000),
('SSM/S301020200014/X/20', '2020-11-01', 'CV SWEET SUKSES MAKMUR', 'TUNAI', '', 2734000),
('SSM/S401120200012/XI/20', '2020-11-05', 'CV SWEET SUKSES MAKMUR', 'TUNAI', '', 972000);

-- --------------------------------------------------------

--
-- Table structure for table `produk_untung`
--

CREATE TABLE `produk_untung` (
  `IDJUAL` varchar(50) NOT NULL,
  `TGL` date NOT NULL,
  `KODE` varchar(50) NOT NULL,
  `OWNER` int(11) NOT NULL,
  `BARBER` int(11) NOT NULL
) ENGINE=InnoDB DEFAULT CHARSET=latin1;

--
-- Dumping data for table `produk_untung`
--

INSERT INTO `produk_untung` (`IDJUAL`, `TGL`, `KODE`, `OWNER`, `BARBER`) VALUES
('JB /11/2020/00223', '2020-11-01', 'D015', 22000, 22000),
('JB /11/2020/00223', '2020-11-01', 'D030', 15000, 15000),
('JB /11/2020/00223', '2020-11-01', 'D017', 15000, 15000),
('JB /11/2020/00224', '2020-11-01', 'D028', 25000, 25000),
('JB /11/2020/00224', '2020-11-01', 'D007', 17000, 17000),
('JB /11/2020/00229', '2020-11-01', 'D030', 0, 0),
('JB /11/2020/00232', '2020-11-02', 'D018', 15500, 15500),
('JB /11/2020/00239', '2020-11-02', 'D006', 17500, 17500),
('JB /11/2020/00246', '2020-11-03', 'D006', 17500, 17500),
('JB /11/2020/00246', '2020-11-03', 'D020', 8500, 8500),
('JB /11/2020/00253', '2020-11-04', 'D025', 7500, 7500),
('JB /11/2020/00253', '2020-11-04', 'D007', 17000, 17000),
('JB /11/2020/00254', '2020-11-04', 'D015', 22000, 22000),
('JB /11/2020/00260', '2020-11-04', 'D023', 11000, 11000),
('JB /11/2020/00262', '2020-11-05', 'D017', 0, 0),
('JB /11/2020/00272', '2020-11-05', 'D015', 22000, 22000),
('JB /11/2020/00283', '2020-11-06', 'D004', 6000, 6000),
('JB /11/2020/00285', '2020-11-06', 'D015', 22000, 22000);

-- --------------------------------------------------------

--
-- Table structure for table `satuan`
--

CREATE TABLE `satuan` (
  `KODE` varchar(100) NOT NULL,
  `SATUAN` varchar(50) NOT NULL
) ENGINE=InnoDB DEFAULT CHARSET=latin1;

--
-- Dumping data for table `satuan`
--

INSERT INTO `satuan` (`KODE`, `SATUAN`) VALUES
('ST01', 'PCS'),
('ST03', 'BOTTLE'),
('ST04', 'PACK'),
('ST05', 'BUNGKUS'),
('ST06', 'Kaleng');

-- --------------------------------------------------------

--
-- Table structure for table `suplier`
--

CREATE TABLE `suplier` (
  `KODE` varchar(100) NOT NULL,
  `NAMA` varchar(100) NOT NULL,
  `ALAMAT` varchar(100) NOT NULL,
  `TLP` varchar(50) NOT NULL
) ENGINE=InnoDB DEFAULT CHARSET=latin1;

--
-- Dumping data for table `suplier`
--

INSERT INTO `suplier` (`KODE`, `NAMA`, `ALAMAT`, `TLP`) VALUES
('SP01', 'TOKO 1', 'Samarinda', '123467890'),
('SP02', 'Toko 2', 'Balikpapan', '98765431'),
('SP03', 'Toko 3', 'Tenggarong', '9876541'),
('SP04', 'CV SWEET SUKSES MAKMUR', 'JL Ir Sutami blok G 3 Samarinda', '0541271594'),
('SP05', 'PT BORNEO INDAH FOCUS', 'Pergudangan Ir Sutami', '0841271594'),
('SP06', 'PT BORNEO SUKSES RAYA KALTIM', 'Pergudangan Ir Sutami', '0541271594'),
('SP07', 'CV BERLIAN SUKSES RAYA', 'Pergudangan Ir sutami', '0541271594');

-- --------------------------------------------------------

--
-- Table structure for table `user`
--

CREATE TABLE `user` (
  `USERID` varchar(50) NOT NULL,
  `NAMA` varchar(100) NOT NULL,
  `USERNAME` varchar(100) NOT NULL,
  `PASSWORD` varchar(100) NOT NULL,
  `LEVEL` varchar(50) NOT NULL
) ENGINE=InnoDB DEFAULT CHARSET=latin1;

--
-- Dumping data for table `user`
--

INSERT INTO `user` (`USERID`, `NAMA`, `USERNAME`, `PASSWORD`, `LEVEL`) VALUES
('BB04', 'Khusnul', 'khusnul', 'khusnul123', 'USER'),
('BB05', 'admin', 'admin', 'admin123', 'ADMIN');

--
-- Indexes for dumped tables
--

--
-- Indexes for table `akun`
--
ALTER TABLE `akun`
  ADD PRIMARY KEY (`ID`);

--
-- Indexes for table `angsur`
--
ALTER TABLE `angsur`
  ADD PRIMARY KEY (`KODE`);

--
-- Indexes for table `barang`
--
ALTER TABLE `barang`
  ADD PRIMARY KEY (`KODE`);

--
-- Indexes for table `detailangsur`
--
ALTER TABLE `detailangsur`
  ADD KEY `KODE` (`KODE`);

--
-- Indexes for table `detailbeli`
--
ALTER TABLE `detailbeli`
  ADD KEY `faktur` (`FAKTUR`),
  ADD KEY `faktur_2` (`FAKTUR`),
  ADD KEY `KODE` (`KODE`);

--
-- Indexes for table `detailjual`
--
ALTER TABLE `detailjual`
  ADD KEY `KODE` (`IDJUAL`),
  ADD KEY `KODE_2` (`KODE`);

--
-- Indexes for table `detailkopi`
--
ALTER TABLE `detailkopi`
  ADD KEY `IDJUAL` (`IDJUAL`),
  ADD KEY `KODE` (`KODE`);

--
-- Indexes for table `detaillayan`
--
ALTER TABLE `detaillayan`
  ADD KEY `IDJUAL` (`IDJUAL`),
  ADD KEY `KODE` (`KODEL`);

--
-- Indexes for table `jual`
--
ALTER TABLE `jual`
  ADD PRIMARY KEY (`IDJUAL`),
  ADD KEY `noHp` (`NOHP`),
  ADD KEY `userID` (`USERID`);

--
-- Indexes for table `kategori`
--
ALTER TABLE `kategori`
  ADD PRIMARY KEY (`ID`);

--
-- Indexes for table `kopi`
--
ALTER TABLE `kopi`
  ADD PRIMARY KEY (`KODE`);

--
-- Indexes for table `layanan`
--
ALTER TABLE `layanan`
  ADD PRIMARY KEY (`KODEL`);

--
-- Indexes for table `pegawai`
--
ALTER TABLE `pegawai`
  ADD PRIMARY KEY (`IDCARD`);

--
-- Indexes for table `pelanggan`
--
ALTER TABLE `pelanggan`
  ADD PRIMARY KEY (`NOHP`);

--
-- Indexes for table `pembelian`
--
ALTER TABLE `pembelian`
  ADD PRIMARY KEY (`FAKTUR`);

--
-- Indexes for table `produk_untung`
--
ALTER TABLE `produk_untung`
  ADD KEY `IDJUAL` (`IDJUAL`),
  ADD KEY `KODE` (`KODE`);

--
-- Indexes for table `satuan`
--
ALTER TABLE `satuan`
  ADD PRIMARY KEY (`KODE`);

--
-- Indexes for table `suplier`
--
ALTER TABLE `suplier`
  ADD PRIMARY KEY (`KODE`);

--
-- Indexes for table `user`
--
ALTER TABLE `user`
  ADD PRIMARY KEY (`USERID`);

--
-- Constraints for dumped tables
--

--
-- Constraints for table `detailbeli`
--
ALTER TABLE `detailbeli`
  ADD CONSTRAINT `detailbeli_ibfk_1` FOREIGN KEY (`FAKTUR`) REFERENCES `pembelian` (`FAKTUR`) ON DELETE CASCADE ON UPDATE CASCADE,
  ADD CONSTRAINT `detailbeli_ibfk_2` FOREIGN KEY (`KODE`) REFERENCES `barang` (`KODE`) ON DELETE CASCADE ON UPDATE CASCADE;

--
-- Constraints for table `detailjual`
--
ALTER TABLE `detailjual`
  ADD CONSTRAINT `detailjual_ibfk_1` FOREIGN KEY (`IDJUAL`) REFERENCES `jual` (`IDJUAL`) ON DELETE CASCADE ON UPDATE CASCADE,
  ADD CONSTRAINT `detailjual_ibfk_2` FOREIGN KEY (`KODE`) REFERENCES `barang` (`KODE`) ON DELETE CASCADE ON UPDATE CASCADE;

--
-- Constraints for table `detailkopi`
--
ALTER TABLE `detailkopi`
  ADD CONSTRAINT `detailkopi_ibfk_1` FOREIGN KEY (`KODE`) REFERENCES `kopi` (`KODE`) ON DELETE CASCADE ON UPDATE CASCADE,
  ADD CONSTRAINT `detailkopi_ibfk_2` FOREIGN KEY (`IDJUAL`) REFERENCES `jual` (`IDJUAL`) ON DELETE CASCADE ON UPDATE CASCADE;

--
-- Constraints for table `detaillayan`
--
ALTER TABLE `detaillayan`
  ADD CONSTRAINT `detaillayan_ibfk_1` FOREIGN KEY (`IDJUAL`) REFERENCES `jual` (`IDJUAL`) ON DELETE CASCADE ON UPDATE CASCADE,
  ADD CONSTRAINT `detaillayan_ibfk_2` FOREIGN KEY (`KODEL`) REFERENCES `layanan` (`KODEL`) ON DELETE CASCADE ON UPDATE CASCADE;

--
-- Constraints for table `jual`
--
ALTER TABLE `jual`
  ADD CONSTRAINT `jual_ibfk_1` FOREIGN KEY (`NOHP`) REFERENCES `pelanggan` (`NOHP`) ON DELETE CASCADE ON UPDATE CASCADE,
  ADD CONSTRAINT `jual_ibfk_2` FOREIGN KEY (`USERID`) REFERENCES `user` (`USERID`) ON DELETE CASCADE ON UPDATE CASCADE;
COMMIT;

/*!40101 SET CHARACTER_SET_CLIENT=@OLD_CHARACTER_SET_CLIENT */;
/*!40101 SET CHARACTER_SET_RESULTS=@OLD_CHARACTER_SET_RESULTS */;
/*!40101 SET COLLATION_CONNECTION=@OLD_COLLATION_CONNECTION */;
